,Shooter,value_added_total,shot_worth_total,PTS_total,Shot_taken,value_added_per_shot,shot_worth_per_shot,PTS_per_shot,SHOT_RESULT,probs,mean_pps,SHOT_DIST,SHOT_CLOCK,CLOSE_DEF_DIST,TOUCH_TIME,DRIBBLES
0,"Acy, Quincy",-36.18034308,331.3191733,320,327,-0.110643251,1.013208481,0.978593272,0.4617737,0.472941823,0.994268579,14.16207951,11.32243463,4.924159021,1.544342508,0.318042813
1,"Adams, Jordan",-13.51581885,88.02156742,80,86,-0.157160684,1.023506598,0.930232558,0.406976744,0.457349571,0.994268579,13.5244186,13.46967944,4.545348837,1.784883721,1.174418605
2,"Adams, Steven",-43.26490686,442.6339092,428,392,-0.11036966,1.129168136,1.091836735,0.545918367,0.564178336,0.994268579,4.996683673,13.27154003,2.731122449,1.508163265,0.375
3,"Adrien, Jeff",-12.08464158,44.73856292,36,43,-0.281038176,1.040431696,0.837209302,0.418604651,0.520215848,0.994268579,6.527906977,12.09534884,2.704651163,1.793023256,0.511627907
4,"Afflalo, Arron",-18.51253877,838.7565397,866,880,-0.021036976,0.953132431,0.984090909,0.425,0.407510139,0.994268579,16.49954545,12.09211609,3.975795455,2.368068182,1.661363636
5,"Ajinca, Alexis",20.67761392,315.8045146,362,326,0.063428264,0.968725505,1.110429448,0.555214724,0.484362753,0.994268579,8.033435583,12.66146051,3.470552147,1.685276074,0.5
6,"Aldemir, Furkan",-10.65217234,84.94947424,80,77,-0.1383399,1.103239925,1.038961039,0.519480519,0.53909093,0.994268579,6.898701299,14.21095705,3.966233766,1.046753247,0.207792208
7,"Aldrich, Cole",-20.74544676,281.2165808,284,295,-0.070323548,0.953276545,0.962711864,0.481355932,0.476638273,0.994268579,6.174237288,11.25303802,2.709830508,1.714576271,0.525423729
8,"Aldridge, LaMarcus",-16.01813686,1250.202392,1341,1405,-0.011400809,0.889823767,0.954448399,0.46405694,0.43095529,0.994268579,13.69302491,11.3635868,4.133594306,2.466476868,1.256939502
9,"Allen, Lavoy",-23.8169521,268.1407815,264,279,-0.08536542,0.96107807,0.946236559,0.47311828,0.480539035,0.994268579,11.35698925,12.83362846,4.8390681,1.064516129,0.222222222
10,"Allen, Tony",-99.1981014,520.0366421,448,446,-0.222417268,1.16600144,1.004484305,0.49103139,0.570007584,0.994268579,5.973766816,13.78895689,3.429372197,1.682511211,0.937219731
11,"Aminu, Al-Farouq",-104.1849986,406.5662087,326,355,-0.293478869,1.145256926,0.918309859,0.411267606,0.504096075,0.994268579,12.48197183,13.56684811,4.770985915,1.501690141,0.633802817
12,"Amundson, Lou",-56.73470069,242.4059701,204,247,-0.229695144,0.981400689,0.825910931,0.412955466,0.490491132,0.994268579,6.837651822,12.25625488,3.125910931,1.622267206,0.631578947
13,"Andersen, Chris",-14.43117938,232.0682305,231,194,-0.074387523,1.196227992,1.190721649,0.587628866,0.58801276,0.994268579,6.23556701,13.59015417,3.42371134,1.088659794,0.154639175
14,"Anderson, Alan",-1.668440574,435.089092,459,431,-0.003871092,1.009487452,1.064965197,0.447795824,0.419360398,0.994268579,16.03944316,11.3443818,4.017865429,2.370765661,1.410672854
15,"Anderson, Kyle",-22.17977127,82.94933358,65,89,-0.249210913,0.932014984,0.730337079,0.348314607,0.441486199,0.994268579,12.01235955,10.77571514,4.203370787,3.243820225,2.404494382
16,"Anderson, Ryan",-80.49816754,729.6790486,704,727,-0.110726503,1.003685074,0.968363136,0.400275103,0.411500924,0.994268579,17.6431912,11.49107414,4.76519945,1.791884457,0.762035763
17,"Antetokounmpo, Giannis",-97.97872846,798.1147612,757,764,-0.128244409,1.044652829,0.990837696,0.490837696,0.513301627,0.994268579,9.503664921,12.49702466,3.637827225,2.764790576,1.798429319
18,"Anthony, Carmelo",-8.932278443,715.3811612,758,787,-0.011349782,0.908997664,0.963151207,0.443456163,0.416016978,0.994268579,15.06721728,11.6507522,3.640660737,3.224777637,1.814485388
19,"Anthony, Joel",1.171037686,64.51286769,70,61,0.019197339,1.057587995,1.147540984,0.573770492,0.528793997,0.994268579,6.040983607,12.41883178,3.050819672,1.383606557,0.278688525
20,"Antic, Pero",-75.41054396,320.7593752,268,295,-0.255628963,1.087319916,0.908474576,0.366101695,0.437181988,0.994268579,18.01559322,11.61331714,5.140338983,1.222033898,0.169491525
21,"Ariza, Trevor",-145.9939252,997.8202653,906,896,-0.162939649,1.113638689,1.011160714,0.399553571,0.440658058,0.994268579,17.80301339,13.76497597,5.334709821,1.701339286,0.814732143
22,"Arthur, Darrell",-70.92916178,376.9916621,334,381,-0.186165779,0.989479428,0.87664042,0.404199475,0.439464281,0.994268579,17.39501312,13.37079331,5.686614173,1.106299213,0.244094488
23,"Asik, Omer",-110.734119,499.2084729,422,410,-0.270083217,1.217581641,1.029268293,0.514634146,0.608790821,0.994268579,2.653658537,12.99946912,2.431219512,1.103414634,0.192682927
24,"Augustin, D.J.",-60.73754212,626.1141454,599,645,-0.094166732,0.970719605,0.928682171,0.4,0.420938195,0.994268579,14.87643411,11.96172232,4.12372093,5.130542636,5.47751938
25,"Ayres, Jeff",-7.244172123,111.3189721,110,94,-0.077065661,1.184244384,1.170212766,0.585106383,0.592122192,0.994268579,5.445744681,12.07815123,3.142553191,1.023404255,0.170212766
26,"Babbitt, Luke",26.6212701,201.6505653,240,191,0.139378377,1.055762122,1.256544503,0.476439791,0.410545182,0.994268579,18.70104712,11.91459365,6.005235602,1.539790576,0.696335079
27,"Bairstow, Cameron",-7.803388566,13.16976609,6,14,-0.557384898,0.940697578,0.428571429,0.214285714,0.470348789,0.994268579,10.77142857,12.63571429,4.578571429,1.6,0.285714286
28,"Barbosa, Leandro",-1.733041719,381.5064363,398,380,-0.004560636,1.003964306,1.047368421,0.468421053,0.449448704,0.994268579,13.13421053,13.46375936,4.033421053,2.295263158,1.744736842
29,"Barea, Jose Juan",-29.63413363,509.984234,504,535,-0.055390904,0.953241559,0.942056075,0.420560748,0.421584,0.994268579,13.52224299,12.02443883,4.14953271,5.31588785,5.745794393
30,"Bargnani, Andrea",2.349914665,317.6464619,343,360,0.006527541,0.882351283,0.952777778,0.455555556,0.420897305,0.994268579,14.70472222,11.08511436,4.392777778,1.703055556,0.45
31,"Barnes, Harrison",-29.09417606,698.4546759,710,646,-0.045037424,1.081199189,1.099071207,0.482972136,0.475616252,0.994268579,13.83095975,13.82566535,5.286996904,1.866099071,1.024767802
32,"Barnes, Matt",-48.99046033,694.935663,682,616,-0.079529968,1.12814231,1.107142857,0.444805195,0.447600815,0.994268579,16.98798701,12.59234556,5.373376623,1.32224026,0.472402597
33,"Barron, Earl",-14.79586466,37.62281981,26,39,-0.379381145,0.964687687,0.666666667,0.307692308,0.461954057,0.994268579,13.9025641,13.65509586,4.984615385,1.346153846,0.384615385
34,"Barton, Will",-49.2603714,352.7636101,323,350,-0.140743918,1.007896029,0.922857143,0.428571429,0.462092379,0.994268579,12.19314286,13.10505636,3.854857143,3.230571429,2.562857143
35,"Bass, Brandon",-46.49960847,689.7547857,693,678,-0.068583493,1.017337442,1.022123894,0.504424779,0.499482394,0.994268579,10.45840708,12.67260477,3.658259587,1.854572271,0.715339233
36,"Batum, Nicolas",-91.39221308,632.8811134,580,598,-0.152829788,1.058329621,0.969899666,0.401337793,0.432770097,0.994268579,18.40167224,12.48167842,5.600334448,2.049832776,1.307692308
37,"Bayless, Jerryd",-70.90856334,511.1419437,470,509,-0.139309555,1.004208141,0.923379175,0.42632613,0.457114467,0.994268579,15.12180747,11.68547319,4.839685658,3.895088409,3.400785855
38,"Baynes, Aron",-5.854580823,350.6225231,367,323,-0.018125637,1.085518647,1.13622291,0.566563467,0.540515543,0.994268579,6.059752322,12.40087412,3.206811146,1.09752322,0.19504644
39,"Bazemore, Kent",-50.62882075,356.1177946,327,328,-0.154356161,1.085724984,0.99695122,0.426829268,0.464839625,0.994268579,14.01219512,12.42383679,5.107317073,2.033841463,1.426829268
40,"Beal, Bradley",-61.85200245,835.8427551,827,847,-0.073024796,0.986827338,0.976387249,0.426210153,0.436005744,0.994268579,15.98878394,12.49752757,4.539787485,2.552774498,1.989374262
41,"Beasley, Michael",-23.4739895,193.697414,186,205,-0.114507266,0.944865434,0.907317073,0.434146341,0.441615467,0.994268579,13.02682927,10.94168886,4.072682927,2.33804878,1.190243902
42,"Belinelli, Marco",-7.212305579,467.9678173,484,470,-0.015345331,0.995676207,1.029787234,0.423404255,0.408342224,0.994268579,18.74829787,11.66993022,5.088723404,1.819148936,1.138297872
43,"Bennett, Anthony",-60.08229537,294.1587893,253,294,-0.204361549,1.0005401,0.860544218,0.418367347,0.48632513,0.994268579,13.64659864,13.16681528,4.708163265,1.244217687,0.367346939
44,"Beverley, Patrick",-69.34078568,568.9765018,523,532,-0.130339823,1.069504703,0.983082707,0.383458647,0.419418644,0.994268579,17.46071429,12.19969671,5.176315789,3.012218045,2.436090226
45,"Bhullar, Sim",0.50447431,1.49552569,2,2,0.252237155,0.747762845,1,0.5,0.373881422,0.994268579,11.15,4.1,3.55,1.8,1
46,"Biyombo, Bismack",-24.51174604,212.4367493,202,185,-0.132495925,1.148306753,1.091891892,0.545945946,0.574153377,0.994268579,4.21027027,13.90863501,2.442162162,1.396756757,0.351351351
47,"Black, Tarik",-6.841302042,295.1974329,304,262,-0.02611184,1.126707759,1.160305344,0.580152672,0.563247059,0.994268579,4.677480916,13.0944928,2.887022901,1.477480916,0.358778626
48,"Blair, DeJuan",-6.877814206,55.52945675,52,57,-0.120663407,0.974200996,0.912280702,0.456140351,0.487100498,0.994268579,7.233333333,14.05519677,3.031578947,1.454385965,0.473684211
49,"Blake, Steve",-12.74132377,318.7200937,321,327,-0.038964293,0.974679186,0.981651376,0.373088685,0.371560565,0.994268579,21.45168196,11.22351901,5.710091743,3.434250765,3.23853211
50,"Bledsoe, Eric",-84.85606243,1043.348826,1014,1028,-0.082544808,1.014930764,0.986381323,0.450389105,0.459970178,0.994268579,13.27762646,13.71878247,4.404182879,4.878599222,4.621595331
51,"Blue, Vander",-8.057076921,27.31093552,20,30,-0.268569231,0.910364517,0.666666667,0.3,0.395987373,0.994268579,13.73666667,12.14616212,3.763333333,3.643333333,2.9
52,"Bogdanovic, Bojan",-39.87435789,607.496871,605,561,-0.071077287,1.082882123,1.078431373,0.458110517,0.454874848,0.994268579,15.58110517,12.37909942,4.794117647,1.803743316,1.210338681
53,"Bogut, Andrew",-24.35808624,390.2157746,390,349,-0.069793943,1.118096775,1.11747851,0.558739255,0.559048388,0.994268579,5.053008596,13.80199127,3.086819484,1.507449857,0.710601719
54,"Bonner, Matt",-8.290271226,225.7913601,232,229,-0.036202058,0.985988472,1.013100437,0.406113537,0.390054803,0.994268579,18.27467249,11.04226995,5.517467249,1.386899563,0.781659389
55,"Booker, Trevor",-28.14272143,472.2816983,477,462,-0.060914981,1.022254758,1.032467532,0.484848485,0.477713803,0.994268579,10.93593074,11.64788093,4.175541126,1.466017316,0.670995671
56,"Boozer, Carlos",-19.17156356,698.7269497,740,735,-0.02608376,0.950648911,1.006802721,0.503401361,0.475324456,0.994268579,9.855510204,12.19062927,3.463401361,2.00244898,0.715646259
57,"Bosh, Chris",-6.194870105,699.9861889,749,744,-0.008326438,0.940841652,1.00672043,0.461021505,0.428929282,0.994268579,15.26424731,10.21503003,4.492069892,2.297043011,0.715053763
58,"Bradley, Avery",-65.69739366,998.0449356,990,1010,-0.065046924,0.988163303,0.98019802,0.428712871,0.428296235,0.994268579,18.02990099,13.36644643,4.438019802,1.904059406,1.51980198
59,"Brand, Elton",-9.542655699,87.68148631,84,93,-0.102609201,0.942811681,0.903225806,0.451612903,0.469258239,0.994268579,11.90107527,12.02307759,4.956989247,1.13655914,0.290322581
60,"Brewer, Corey",-174.4934176,854.9041832,728,789,-0.22115769,1.083528749,0.922686946,0.422053232,0.484986988,0.994268579,12.79569075,14.06571232,4.198986058,1.735614702,1.069708492
61,"Brooks, Aaron",-7.684238895,763.1798077,800,809,-0.009498441,0.943361938,0.988875155,0.420271941,0.406363102,0.994268579,14.92991347,11.70969966,3.689616811,4.981334981,5.370828183
62,"Brown, Jabari",-12.13909286,169.5168931,163,170,-0.071406429,0.997158195,0.958823529,0.411764706,0.431362006,0.994268579,15.50764706,12.8983736,4.401764706,2.447647059,1.729411765
63,"Brown, Lorenzo",-17.18454368,120.9034906,110,122,-0.140856915,0.991012218,0.901639344,0.426229508,0.455883754,0.994268579,12.84508197,13.01141338,4.150819672,3.655737705,3.221311475
64,"Brown, Markel",-56.52557166,212.340103,167,208,-0.271757556,1.02086588,0.802884615,0.360576923,0.45198516,0.994268579,14.49278846,12.672079,4.419230769,2.192788462,1.524038462
65,"Brown, Shannon",-5.393222553,21.21629266,17,19,-0.283853819,1.116646982,0.894736842,0.368421053,0.494662659,0.994268579,14.19473684,11.9762494,4.647368421,3.115789474,2.421052632
66,"Bryant, Kobe",-75.72295013,618.3817557,586,710,-0.106652042,0.870960219,0.825352113,0.374647887,0.392711146,0.994268579,16.45605634,12.11686701,3.243098592,4.628591549,3.490140845
67,"Budinger, Chase",-43.80494519,404.6444932,386,387,-0.113191073,1.045593006,0.997416021,0.431524548,0.455137633,0.994268579,14.63540052,12.3393568,4.179844961,1.308527132,0.591731266
68,"Bullock, Reggie",-16.17473526,75.08371469,63,70,-0.231067647,1.072624496,0.9,0.342857143,0.413950922,0.994268579,19.82,11.62212484,5.678571429,1.302857143,0.5
69,"Burke, Trey",-104.8209871,917.7500162,862,1003,-0.104507465,0.915005001,0.859421735,0.367896311,0.390060417,0.994268579,16.86181456,10.63244464,4.040677966,3.48773679,3.211365902
70,"Burks, Alec",-30.63526887,277.3582075,268,300,-0.102117563,0.924527358,0.893333333,0.403333333,0.421725021,0.994268579,13.37,10.88462462,3.964,3.025666667,2.616666667
71,"Butler, Caron",-0.839004512,379.6424071,405,395,-0.002124062,0.961120018,1.025316456,0.407594937,0.383730484,0.994268579,20.31721519,12.29173064,4.92,1.689113924,0.670886076
72,"Butler, Jimmy",-40.29418237,900.4627164,913,910,-0.044279321,0.989519469,1.003296703,0.461538462,0.457042206,0.994268579,12.91824176,11.93340748,4.01989011,2.505824176,1.441758242
73,"Butler, Rasual",-11.58119541,507.137107,525,516,-0.022444177,0.982823851,1.01744186,0.420542636,0.408764389,0.994268579,17.94302326,12.10216757,4.254263566,1.584883721,0.748062016
74,"Buycks, Dwight",7.511267597,34.96060293,43,40,0.18778169,0.874015073,1.075,0.45,0.392064743,0.994268579,14.9275,10.14621847,3.5,5.865,6.1
75,"Bynum, Will",-10.21587031,28.32663222,20,31,-0.329544204,0.91376233,0.64516129,0.322580645,0.407697751,0.994268579,15.94516129,13.79032258,4.458064516,5.551612903,5.580645161
76,"Caboclo, Bruno",-2.489634471,11.87303178,10,12,-0.207469539,0.989419315,0.833333333,0.333333333,0.448490344,0.994268579,11.54166667,9.85,4.916666667,2.233333333,2.083333333
77,"Calathes, Nick",-40.17350611,236.2270654,207,233,-0.172418481,1.013850066,0.888412017,0.420600858,0.473834805,0.994268579,10.74463519,12.86300351,4.156652361,3.579399142,3.935622318
78,"Calderon, Jose",0.712182404,324.2189346,342,346,0.002058331,0.937048944,0.988439306,0.413294798,0.39667559,0.994268579,19.58150289,11.76211686,4.68150289,2.669942197,2.187861272
79,"Caldwell-Pope, Kentavious",-120.2674547,995.3528393,933,971,-0.123859377,1.025080164,0.960865088,0.401647786,0.431532768,0.994268579,16.79546859,12.16318442,4.448094748,2.023892894,1.438722966
80,"Canaan, Isaiah",-11.85054135,375.0909608,379,367,-0.032290303,1.022046215,1.032697548,0.392370572,0.39503486,0.994268579,19.25122616,12.59626997,4.599182561,3.532697548,3.351498638
81,"Capela, Clint",-8.966201478,34.73501209,28,29,-0.309179361,1.197759038,0.965517241,0.482758621,0.598879519,0.994268579,3.482758621,12.72228331,2.265517241,1.04137931,0.172413793
82,"Carroll, DeMarre",-15.81837545,716.521188,742,642,-0.024639214,1.116076617,1.15576324,0.485981308,0.467467775,0.994268579,14.43831776,13.1758776,4.697196262,1.609657321,0.836448598
83,"Carter, Vince",-87.41289232,396.5719929,335,401,-0.217987263,0.988957588,0.835411471,0.331670823,0.393169557,0.994268579,19.59700748,11.72350632,4.650374065,1.982044888,1.236907731
84,"Carter-Williams, Michael",-131.172354,849.3126316,764,915,-0.143357764,0.928210526,0.834972678,0.397814208,0.43502938,0.994268579,11.73016393,12.46242455,3.473661202,4.996174863,4.828415301
85,"Casspi, Omri",-1.291959787,428.4964997,453,421,-0.003068788,1.017806413,1.076009501,0.496437055,0.470943776,0.994268579,9.56128266,13.38596178,3.724703088,2.09976247,1.3847981
86,"Chalmers, Mario",-74.16728369,642.551357,600,642,-0.115525364,1.000858811,0.934579439,0.411214953,0.433796643,0.994268579,14.17554517,11.4140998,4.243302181,3.358099688,3.154205607
87,"Chandler, Tyson",-18.80047313,564.6496371,578,433,-0.043419107,1.304040732,1.334872979,0.66743649,0.652020366,0.994268579,4.257736721,15.73621788,3.22147806,0.902771363,0.124711316
88,"Chandler, Wilson",-84.02054273,990.9844637,973,971,-0.08652991,1.020581322,1.002059732,0.429454171,0.433608184,0.994268579,14.92523172,12.87107199,3.998661174,2.389804325,1.52523172
89,"Cherry, Will",-10.16918063,21.47014502,12,19,-0.535220033,1.130007633,0.631578947,0.263157895,0.468804838,0.994268579,14.44210526,13.11578947,4.863157895,2.221052632,1.631578947
90,"Christopher, Patrick",-7.0347385,12.22526621,6,12,-0.586228208,1.018772184,0.5,0.25,0.445838557,0.994268579,17.1,12.09166667,5.258333333,1.975,1.25
91,"Clark, Earl",-6.71784325,31.09744899,26,30,-0.223928108,1.036581633,0.866666667,0.366666667,0.429103115,0.994268579,19.73,13.19333333,5.953333333,1.296666667,0.4
92,"Clark, Ian",-13.85139805,54.6069564,44,53,-0.261347133,1.030319932,0.830188679,0.320754717,0.408304156,0.994268579,18.78113208,11.53962264,5.566037736,1.979245283,1.41509434
93,"Clarkson, Jordan",-2.811738803,550.8261879,572,592,-0.004749559,0.930449642,0.966216216,0.451013514,0.430107649,0.994268579,13.61570946,12.19008901,3.789358108,5.25472973,5.001689189
94,"Claver, Victor",1.175852547,22.07591072,24,20,0.058792627,1.103795536,1.2,0.45,0.449952771,0.994268579,16.99,9.469873864,5.42,0.975,0.2
95,"Cole, Norris",-50.04259575,533.3812722,510,548,-0.091318605,0.973323489,0.930656934,0.416058394,0.4292284,0.994268579,15.42609489,10.55861955,4.546167883,3.648722628,3.211678832
96,"Collison, Darren",20.16245136,533.0926381,580,550,0.036659002,0.969259342,1.054545455,0.472727273,0.433320758,0.994268579,15.29618182,13.46737198,4.267818182,4.912181818,4.663636364
97,"Collison, Nick",-54.71022499,264.8713479,228,251,-0.217969024,1.055264334,0.908366534,0.422310757,0.481252827,0.994268579,12.25099602,12.5466035,4.495219124,1.241434263,0.326693227
98,"Conley, Mike",-15.87078395,859.6626119,889,875,-0.018138039,0.982471556,1.016,0.446857143,0.43541551,0.994268579,14.29097143,12.2347063,4.339314286,4.297257143,4.2
99,"Cooley, Jack",-4.740981355,21.22170123,18,22,-0.215499152,0.964622783,0.818181818,0.409090909,0.482311392,0.994268579,6.854545455,11.35,3.072727273,1.127272727,0.181818182
100,"Copeland, Chris",-55.50973342,301.8029204,268,299,-0.185651282,1.009374316,0.89632107,0.364548495,0.407917488,0.994268579,16.78227425,11.47832263,4.174247492,2.088963211,1.123745819
101,"Cotton, Bryce",-0.33208484,62.47632467,65,69,-0.004812824,0.905453981,0.942028986,0.420289855,0.402214839,0.994268579,16.13478261,12.52749967,4.530434783,4.22173913,4.246376812
102,"Cousins, DeMarcus",-93.31315994,994.2331487,984,1050,-0.088869676,0.946888713,0.937142857,0.467619048,0.472400244,0.994268579,8.585428571,11.87721887,3.324,2.551142857,1.160952381
103,"Covington, Robert",-63.51825555,765.5700999,750,741,-0.085719643,1.03315803,1.012145749,0.395411606,0.410693181,0.994268579,17.76936572,13.84025106,4.384615385,1.751012146,0.786774629
104,"Crabbe, Allen",-21.26718585,169.7004776,156,152,-0.139915696,1.116450511,1.026315789,0.414473684,0.450678858,0.994268579,18.34605263,12.55846965,5.636842105,1.339473684,0.493421053
105,"Crawford, Jamal",-23.22414175,756.1543835,783,839,-0.027680741,0.901256715,0.933253874,0.395709178,0.377640093,0.994268579,18.89058403,12.5037419,3.840047676,3.544219309,3.221692491
106,"Crowder, Jae",-94.89731947,575.7626587,517,542,-0.175087305,1.062292728,0.953874539,0.420664207,0.460322642,0.994268579,15.36365314,13.49423855,4.687084871,1.525276753,0.763837638
107,"Cunningham, Dante",-27.12010062,315.0502668,311,338,-0.080236984,0.932101381,0.920118343,0.458579882,0.461684071,0.994268579,14.26923077,11.5641564,4.767455621,1.115680473,0.23964497
108,"Cunningham, Jared",-10.36634423,36.94486656,28,33,-0.314131643,1.119541411,0.848484848,0.363636364,0.481937314,0.994268579,15.00606061,12.90140048,4.639393939,2.093939394,1.484848485
109,"Curry, Seth",-2.334130372,2.378810967,0,3,-0.778043457,0.792936989,0,0,0.335851413,0.994268579,22.9,11.83333333,2.4,3.033333333,0.333333333
110,"Curry, Stephen",213.7678493,1297.575506,1573,1319,0.162068119,0.983757017,1.192570129,0.489006823,0.407722221,0.994268579,17.75041698,14.82812224,4.510993177,3.913115997,3.680060652
111,"Dalembert, Samuel",-26.79186382,131.829213,114,130,-0.20609126,1.014070869,0.876923077,0.438461538,0.507035435,0.994268579,8.557692308,12.10493208,3.590769231,1.501538462,0.369230769
112,"Daniels, Troy",-9.240068584,163.6681282,162,161,-0.05739173,1.016572225,1.00621118,0.372670807,0.380001014,0.994268579,22.26583851,12.77197134,5.149068323,1.716149068,0.962732919
113,"Datome, Gigi",10.69511588,88.24252732,104,89,0.120169841,0.991489071,1.168539326,0.483146067,0.41570507,0.994268579,18.36404494,12.44324425,4.857303371,1.823595506,1.314606742
114,"Davies, Brandon",-32.03729823,139.395028,118,137,-0.233848892,1.017481956,0.861313869,0.401459854,0.462632909,0.994268579,12.29927007,12.74415138,4.221167883,1.608759124,0.364963504
115,"Davis, Anthony",11.12250676,1171.924431,1277,1193,0.009323141,0.982333974,1.070410729,0.534786253,0.489504388,0.994268579,10.62984074,11.93318373,3.695808885,1.916093881,0.576697402
116,"Davis, Ed",21.24959004,509.5857434,562,460,0.046194761,1.107795094,1.22173913,0.610869565,0.553897547,0.994268579,4.384130435,13.69207695,2.240434783,1.236956522,0.382608696
117,"Davis, Glen",-34.19914273,252.1548885,234,255,-0.134114285,0.9888427,0.917647059,0.458823529,0.492284326,0.994268579,7.76745098,10.763882,3.771764706,1.715294118,0.525490196
118,"Dawkins, Andre",-3.615607102,6.065087183,3,6,-0.602601184,1.010847864,0.5,0.166666667,0.336949288,0.994268579,24.83333333,11.21666667,4.05,1.233333333,0.166666667
119,"Daye, Austin",-24.15351398,141.2244259,124,140,-0.1725251,1.008745899,0.885714286,0.357142857,0.40928867,0.994268579,17.96642857,11.50102638,5.163571429,1.553571429,0.735714286
120,"DeRozan, DeMar",-84.7348394,852.3368169,828,971,-0.08726554,0.877792808,0.852729145,0.414006179,0.423032674,0.994268579,13.44953656,11.39860402,3.447476828,3.645108136,3.093717817
121,"Dedmon, Dewayne",-13.37249374,181.3729762,180,157,-0.085175119,1.155241887,1.146496815,0.573248408,0.577502383,0.994268579,4.829936306,14.92224479,2.957961783,1.078343949,0.343949045
122,"Dellavedova, Matthew",-25.2895828,299.5100497,290,305,-0.082916665,0.982000163,0.950819672,0.363934426,0.389392605,0.994268579,18.18295082,10.8638848,5.401967213,3.095737705,2.813114754
123,"Deng, Luol",-37.93257418,770.6575949,781,757,-0.050109081,1.018041737,1.031704095,0.464993395,0.455852386,0.994268579,13.77780713,11.76253121,4.139233818,1.812681638,0.948480845
124,"Diaw, Boris",-30.8653782,622.4379331,636,631,-0.048915021,0.986430956,1.00792393,0.461172742,0.442060808,0.994268579,12.26561014,11.05889807,4.719175911,2.356418384,1.515055468
125,"Dieng, Gorgui",-21.84129551,496.4004937,513,501,-0.0435954,0.990819349,1.023952096,0.510978044,0.494219904,0.994268579,8.268463074,11.57651418,3.423153693,1.995409182,0.437125749
126,"Dinwiddie, Spencer",-52.8148706,155.7205974,114,169,-0.312514027,0.921423653,0.674556213,0.301775148,0.398054591,0.994268579,16.19230769,11.48451089,3.973964497,5.85147929,5.621301775
127,"Dorsey, Joey",-23.71983524,172.5875923,158,143,-0.165872974,1.20690624,1.104895105,0.552447552,0.603357317,0.994268579,3.783916084,13.71986833,2.593706294,1.418881119,0.391608392
128,"Douglas, Toney",-7.549794901,48.33962716,43,51,-0.148035194,0.947835827,0.843137255,0.37254902,0.410775612,0.994268579,15.8254902,10.97732732,4.47254902,3.776470588,3.509803922
129,"Douglas-Roberts, Chris",-11.98697361,22.26649495,11,21,-0.570808267,1.060309283,0.523809524,0.238095238,0.46538905,0.994268579,12.0047619,13.31904762,5.180952381,2.185714286,1.714285714
130,"Dragic, Goran",-8.809562677,1022.113848,1064,962,-0.00915755,1.062488407,1.106029106,0.508316008,0.484227167,0.994268579,11.602079,13.81566238,4.004469854,3.47993763,3.143451143
131,"Dragic, Zoran",-10.79237523,34.02194117,25,30,-0.359745841,1.134064706,0.833333333,0.366666667,0.479837583,0.994268579,14.84666667,14.33324924,4.35,2.033333333,1.4
132,"Drew, Larry",-9.439208963,51.05082795,44,57,-0.165600157,0.895628561,0.771929825,0.350877193,0.376508968,0.994268579,20.43508772,10.30252093,5.424561404,2.819298246,2.175438596
133,"Drummond, Andre",-178.5953481,1087.600542,982,949,-0.188193201,1.146049043,1.034773446,0.517386723,0.57297969,0.994268579,4.563013699,14.89728771,2.633719705,1.50052687,0.600632244
134,"Dudley, Jared",-8.176909814,443.5654999,463,412,-0.019846868,1.076615291,1.123786408,0.473300971,0.448627759,0.994268579,18.06650485,12.97287872,5.749514563,1.215291262,0.405339806
135,"Duncan, Tim",-10.56600791,788.2604787,838,815,-0.012964427,0.967190771,1.028220859,0.512883436,0.482576747,0.994268579,8.377546012,10.87864511,3.237300613,2.060490798,0.755828221
136,"Dunleavy, Mike",3.052854909,494.2514342,523,480,0.006360114,1.029690488,1.089583333,0.433333333,0.414120356,0.994268579,18.67104167,12.9035259,4.970833333,1.251666667,0.520833333
137,"Durant, Kevin",47.83226427,458.65637,540,467,0.102424549,0.982133555,1.156316916,0.509635974,0.432137215,0.994268579,16.19036403,13.76013889,3.863811563,3.272162741,2.122055675
138,"Early, Cleanthony",-57.74942073,216.8905176,174,213,-0.271124041,1.018265341,0.816901408,0.356807512,0.439077636,0.994268579,15.88638498,12.1736497,4.067605634,1.766666667,0.737089202
139,"Ellington, Wayne",-24.27179032,586.1051063,596,614,-0.039530603,0.954568577,0.970684039,0.412052117,0.40692129,0.994268579,18.54039088,12.53889073,4.459934853,2.721986971,2.029315961
140,"Ellis, Monta",-84.79020435,1292.424163,1285,1353,-0.062668296,0.955228501,0.949741316,0.444937177,0.440276141,0.994268579,14.32298596,12.55946631,4.311234294,3.842276423,3.118255728
141,"Ennis, James",-57.8886474,274.2600199,233,245,-0.236280193,1.119428653,0.951020408,0.412244898,0.484901839,0.994268579,14.21918367,13.06998455,4.820816327,1.52,0.844897959
142,"Ennis, Tyler",-29.54937283,139.9302277,116,144,-0.205203978,0.971737692,0.805555556,0.361111111,0.432877941,0.994268579,13.73194444,11.95584146,4.345833333,4.630555556,4.479166667
143,"Evans, Jeremy",-0.620252088,63.17804454,66,58,-0.010694002,1.08927663,1.137931034,0.551724138,0.528693297,0.994268579,7.732758621,10.50773687,2.920689655,1.122413793,0.224137931
144,"Evans, Reggie",-30.12310357,134.4919191,116,136,-0.221493409,0.98891117,0.852941176,0.426470588,0.491734881,0.994268579,4.402205882,12.82931902,2.718382353,1.707352941,0.426470588
145,"Evans, Tyreke",-109.4726378,1149.026566,1111,1159,-0.09445439,0.991394794,0.958584987,0.449525453,0.461582388,0.994268579,10.20724763,11.98091512,3.609749784,5.1811044,4.608283003
146,"Exum, Dante",-94.48757766,442.1829926,368,414,-0.228230864,1.068074861,0.888888889,0.345410628,0.415057648,0.994268579,19.66400966,10.15213126,5.939613527,2.285024155,1.70531401
147,"Ezeli, Festus",-7.249321705,146.7742889,150,137,-0.052914757,1.071345174,1.094890511,0.547445255,0.535672587,0.994268579,5.480291971,11.72955284,2.727737226,1.439416058,0.510948905
148,"Faried, Kenneth",-102.4951244,782.3661574,737,729,-0.140596878,1.073204605,1.010973937,0.504801097,0.535575392,0.994268579,5.842935528,14.35598549,2.798216735,1.634156379,0.710562414
149,"Farmar, Jordan",-8.520542005,158.7550684,157,158,-0.053927481,1.004778914,0.993670886,0.386075949,0.390527831,0.994268579,20.51139241,11.23445375,5.242405063,3.927848101,3.487341772
150,"Favors, Derrick",-20.4218369,916.3858401,965,913,-0.022367839,1.003708478,1.056955093,0.527929901,0.500789754,0.994268579,8.036692223,10.98420295,3.098028478,1.741401972,0.595837897
151,"Felton, Raymond",-9.056414016,100.2926097,96,106,-0.085437868,0.946156695,0.905660377,0.405660377,0.418470886,0.994268579,15.59716981,12.86920873,4.391509434,4.450943396,4.41509434
152,"Fields, Landry",-3.828877174,38.77817865,37,38,-0.100759926,1.020478386,0.973684211,0.473684211,0.500916485,0.994268579,7.05,13.46315789,3.360526316,2.278947368,1.789473684
153,"Fournier, Evan",-31.88341501,590.0730554,591,571,-0.055837855,1.033402899,1.03502627,0.443082312,0.444326941,0.994268579,14.63169877,12.53725438,4.773730298,2.670052539,2.033274956
154,"Foye, Randy",-34.28044263,401.9288053,390,402,-0.085274733,0.999822899,0.970149254,0.368159204,0.383293459,0.994268579,20.47661692,12.86920016,4.780099502,3.171890547,2.495024876
155,"Franklin, Jamaal",0.866095011,2.009263112,3,2,0.433047505,1.004631556,1.5,0.5,0.334877185,0.994268579,25.3,12.9,3.85,2.3,1
156,"Frazier, Tim",-10.12792015,50.25776049,43,52,-0.194767695,0.966495394,0.826923077,0.365384615,0.427531299,0.994268579,14.66923077,13.03170651,5.036538462,4.663461538,4.442307692
157,"Fredette, Jimmer",-32.41868871,158.0952603,135,166,-0.195293305,0.952381086,0.813253012,0.379518072,0.422887253,0.994268579,14.1253012,11.03248453,4.606024096,3.658433735,3.427710843
158,"Freeland, Joel",-7.470018356,145.9705825,148,150,-0.049800122,0.973137217,0.986666667,0.493333333,0.486568608,0.994268579,10.39666667,12.7432997,4.024,1.483333333,0.44
159,"Frye, Channing",-8.437973331,485.9385611,512,485,-0.017397883,1.001935177,1.055670103,0.389690722,0.374704049,0.994268579,21.64659794,12.09646884,5.626597938,1.110309278,0.255670103
160,"Gallinari, Danilo",-41.19799837,565.276688,563,567,-0.072659609,0.996960649,0.992945326,0.402116402,0.403940104,0.994268579,18.87425044,11.90495749,4.55696649,2.546560847,1.225749559
161,"Galloway, Langston",-44.27151699,481.0628862,465,501,-0.088366301,0.960205362,0.928143713,0.403193613,0.421390987,0.994268579,16.71117764,12.20294869,4.539321357,2.616566866,2.229540918
162,"Garcia, Francisco",-27.60739982,68.17152503,44,63,-0.438212696,1.082087699,0.698412698,0.26984127,0.40588262,0.994268579,20.28253968,12.70622908,5.76031746,1.915873016,1.365079365
163,"Garnett, Kevin",-5.764437454,266.7713111,281,299,-0.019279055,0.892211743,0.939799331,0.468227425,0.441769739,0.994268579,14.78060201,11.46737021,5.15451505,1.473578595,0.401337793
164,"Gasol, Marc",-18.31774724,998.4436251,1059,1069,-0.017135404,0.933997778,0.990645463,0.493919551,0.4650402,0.994268579,11.01244153,10.47332145,4.178765201,2.308231993,0.839101964
165,"Gasol, Pau",-8.622137823,1066.847973,1146,1145,-0.007530251,0.931744954,1.000873362,0.495196507,0.46137628,0.994268579,10.27475983,11.51995153,3.770917031,2.271965066,0.971179039
166,"Gay, Rudy",-8.922217151,1021.635127,1093,1112,-0.008023577,0.918736625,0.982913669,0.455935252,0.423863108,0.994268579,13.09568345,12.09187925,3.582284173,3.522841727,2.577338129
167,"Gee, Alonzo",-38.18972365,211.6971214,185,185,-0.206430939,1.144308764,1,0.464864865,0.532753931,0.994268579,8.862162162,14.26368833,4.175135135,2.08,1.437837838
168,"George, Paul",-6.608593722,49.08123865,45,49,-0.13486926,1.001657932,0.918367347,0.367346939,0.422571641,0.994268579,17.50204082,11.37540724,4.416326531,3.120408163,2.285714286
169,"Gibson, Taj",-49.0282672,517.2661226,508,504,-0.097278308,1.026321672,1.007936508,0.503968254,0.513160836,0.994268579,6.48968254,12.14450111,2.729761905,1.73968254,0.577380952
170,"Ginobili, Manu",-46.28674379,598.9450276,589,585,-0.079122639,1.023837654,1.006837607,0.427350427,0.431985635,0.994268579,15.02529915,12.13994101,4.255213675,3.338119658,2.774358974
171,"Gobert, Rudy",-34.60182185,519.2240897,514,424,-0.08160807,1.224585117,1.212264151,0.606132075,0.612036655,0.994268579,3.802122642,14.74748491,2.551179245,0.999292453,0.226415094
172,"Gooden, Drew",-36.23372966,257.265644,240,272,-0.133212241,0.945829574,0.882352941,0.400735294,0.433470294,0.994268579,15.69044118,12.67607512,5.133823529,1.320220588,0.356617647
173,"Goodwin, Archie",-44.95722311,204.4621878,170,196,-0.229373587,1.043174427,0.867346939,0.403061224,0.486922007,0.994268579,10.65510204,12.96343675,3.741836735,3.048979592,2.581632653
174,"Gordon, Aaron",-42.29119399,224.7730999,197,206,-0.205297058,1.091131553,0.95631068,0.446601942,0.499373929,0.994268579,10.79029126,13.38783959,4.182038835,1.885436893,1.155339806
175,"Gordon, Ben",17.16193788,259.5995744,293,292,0.05877376,0.889039639,1.003424658,0.441780822,0.386783654,0.994268579,16.92842466,11.45954584,4.031506849,3.35890411,2.660958904
176,"Gordon, Drew",-6.138288529,21.32229435,16,19,-0.323067817,1.122226018,0.842105263,0.421052632,0.533088407,0.994268579,10.71052632,13.65263158,4.236842105,1.042105263,0.210526316
177,"Gordon, Eric",-11.1290711,681.6204653,709,690,-0.016129089,0.987855747,1.027536232,0.411594203,0.410546928,0.994268579,16.99376812,11.59722444,4.507246377,2.691304348,2.172463768
178,"Gortat, Marcin",-2.657016407,815.0075505,870,767,-0.003464167,1.06259133,1.134289439,0.56714472,0.530765322,0.994268579,7.282268579,12.4930001,3.326205997,1.645241199,0.494132986
179,"Granger, Danny",-19.41330607,159.1444119,151,157,-0.123651631,1.013658675,0.961783439,0.388535032,0.408351172,0.994268579,18.17579618,10.64264302,4.684713376,1.615286624,0.687898089
180,"Grant, Jerami",-99.28822582,363.6776455,293,346,-0.28696019,1.051091461,0.846820809,0.352601156,0.442124242,0.994268579,14.45520231,12.45212024,4.481213873,1.936127168,1.031791908
181,"Green, Danny",13.26468661,783.2514715,835,733,0.018096435,1.068555896,1.139154161,0.439290587,0.418452363,0.994268579,18.79004093,12.84311161,5.139154161,1.470395634,0.761255116
182,"Green, Draymond",-89.48721625,820.7596314,783,755,-0.118526114,1.08709885,1.037086093,0.445033113,0.463759895,0.994268579,14.56543046,13.78494851,4.929801325,1.270728477,0.501986755
183,"Green, Erick",-19.16338654,147.0440948,136,162,-0.11829251,0.907679597,0.839506173,0.37654321,0.402468394,0.994268579,17.48518519,12.7523757,4.537037037,3.200617284,2.839506173
184,"Green, Gerald",-48.53197224,763.1321907,762,759,-0.063941992,1.005444257,1.003952569,0.415019763,0.411876936,0.994268579,18.35125165,13.8419891,4.302898551,2.688932806,1.836627141
185,"Green, Jeff",-105.1740217,964.2135589,924,963,-0.109214976,1.001260186,0.959501558,0.429906542,0.444845028,0.994268579,14.02720665,12.25908703,4.01007269,2.412772586,1.457943925
186,"Green, Willie",-42.19871654,299.481337,278,306,-0.137904302,0.97869718,0.908496732,0.385620915,0.414622464,0.994268579,16.52614379,12.2256165,5.076143791,2.48627451,2.22875817
187,"Griffin, Blake",-12.91822027,1090.549419,1154,1139,-0.011341721,0.957462177,1.013169447,0.502194908,0.47511299,0.994268579,11.91957858,11.86288945,4.668656716,2.430114135,1.165057068
188,"Gutierrez, Jorge",1.655392324,40.02123558,44,41,0.040375423,0.976127697,1.073170732,0.536585366,0.475106709,0.994268579,11.37317073,13.12676774,3.570731707,2.643902439,1.902439024
189,"Hairston, PJ",-65.51173098,270.9241271,221,267,-0.245362288,1.014697105,0.827715356,0.322097378,0.397097708,0.994268579,19.62209738,12.60445659,4.83670412,1.420224719,0.719101124
190,"Hamilton, Jordan",1.925375801,35.03482067,38,35,0.055010737,1.000994876,1.085714286,0.4,0.390016523,0.994268579,19.06285714,12.34857143,5.094285714,2.162857143,1.028571429
191,"Hamilton, Justin",-23.15951398,189.5628101,180,178,-0.130109629,1.064959607,1.011235955,0.47752809,0.499465877,0.994268579,10.38370787,12.8845293,3.956179775,1.200561798,0.331460674
192,"Hansbrough, Tyler",-17.59485195,174.5855383,169,161,-0.109284795,1.084382225,1.049689441,0.52173913,0.533296063,0.994268579,4.898757764,13.28256169,2.737888199,1.180745342,0.273291925
193,"Hardaway Jr., Tim",-66.87034449,694.1934169,669,706,-0.094717202,0.983276794,0.947592068,0.389518414,0.404589137,0.994268579,18.21175637,11.95070579,4.251983003,2.00509915,1.382436261
194,"Harden, James",-30.83777995,1427.294065,1478,1442,-0.021385423,0.989801709,1.024965326,0.441054092,0.429551114,0.994268579,14.77177531,12.71304557,3.758321775,5.764424411,5.027739251
195,"Harkless, Maurice",-56.78737368,182.7310418,136,156,-0.364021626,1.171352832,0.871794872,0.403846154,0.516658402,0.994268579,11.36282051,13.27427812,4.822435897,1.693589744,1.102564103
196,"Harris, Devin",-27.82112928,535.8261651,533,524,-0.053093758,1.022569017,1.017175573,0.417938931,0.419750659,0.994268579,16.77538168,13.13112285,4.847900763,3.360305344,3.188931298
197,"Harris, Gary",-83.77602889,225.4307166,153,217,-0.386064649,1.038851229,0.705069124,0.304147465,0.431308676,0.994268579,16.98709677,13.68707352,4.612442396,2.202304147,1.479262673
198,"Harris, Joe",-8.933547127,129.648792,127,120,-0.074446226,1.0804066,1.058333333,0.4,0.406241882,0.994268579,19.36916667,12.08745795,5.381666667,1.385,0.633333333
199,"Harris, Tobias",-30.47224549,930.8299224,965,940,-0.032417282,0.990244598,1.026595745,0.467021277,0.446967831,0.994268579,12.56734043,12.05415785,4.002340426,2.248297872,1.389361702
200,"Haslem, Udonis",-50.39899228,237.3236606,204,229,-0.220082936,1.036347863,0.890829694,0.441048035,0.510014242,0.994268579,9.434061135,10.98055116,3.871179039,1.161572052,0.266375546
201,"Hawes, Spencer",-74.59740162,424.6606171,381,413,-0.180623248,1.02823394,0.92251816,0.394673123,0.434059385,0.994268579,16.01549637,11.5907746,5.397578692,1.541404358,0.513317191
202,"Hayes, Charles",-7.836274187,44.28598325,40,42,-0.186577957,1.054428173,0.952380952,0.476190476,0.527214086,0.994268579,4.854761905,10.85,3.183333333,0.961904762,0.261904762
203,"Hayward, Gordon",-36.15102079,1047.598616,1078,1081,-0.033442202,0.969101402,0.997224792,0.443108233,0.429862481,0.994268579,14.88603145,12.06035569,4.529972248,3.565494912,3.008325624
204,"Haywood, Brendan",-1.511029996,25.61484999,26,29,-0.052104483,0.883270689,0.896551724,0.448275862,0.441635345,0.994268579,7.113793103,10.89655172,2.862068966,2.196551724,0.827586207
205,"Henderson, Gerald",-47.44406577,784.0361651,785,847,-0.056014245,0.925662533,0.926800472,0.436835891,0.432293406,0.994268579,14.6527745,11.64112288,4.081345927,2.687131051,1.953955136
206,"Henry, Xavier",-7.083108748,12.09075399,6,13,-0.544854519,0.930057999,0.461538462,0.230769231,0.465029,0.994268579,12.09230769,11.79605682,4.538461538,2.361538462,1.692307692
207,"Henson, John",-17.23528001,379.9290384,386,336,-0.051295476,1.130741186,1.148809524,0.574404762,0.565370593,0.994268579,4.726488095,12.56748444,2.694345238,1.463392857,0.494047619
208,"Hibbert, Roy",-42.70468537,625.4047734,632,707,-0.060402667,0.884589496,0.893917963,0.446958982,0.441808531,0.994268579,9.560820368,10.94761624,3.150636492,2.31145686,0.82602546
209,"Hickson, JJ",-84.56309454,488.6256685,436,454,-0.186262323,1.076267992,0.960352423,0.480176211,0.537557541,0.994268579,6.258810573,13.54553359,3.005726872,1.474889868,0.519823789
210,"Hill, George",27.59411774,522.628913,579,534,0.051674378,0.97870583,1.084269663,0.47752809,0.425104009,0.994268579,15.19700375,11.76442099,4.351872659,4.865730337,4.784644195
211,"Hill, Jordan",-57.79565553,712.1155636,715,773,-0.074767989,0.921236175,0.924967658,0.460543338,0.457873181,0.994268579,12.15666235,11.80283287,4.430012937,2.087580854,0.539456662
212,"Hill, Solomon",-120.8742172,635.6835032,555,616,-0.196224379,1.031953739,0.900974026,0.396103896,0.454549008,0.994268579,12.97207792,11.8337089,4.062662338,2.531006494,1.698051948
213,"Hinrich, Kirk",-45.2461543,365.4413569,340,378,-0.119698821,0.966776077,0.899470899,0.373015873,0.399764751,0.994268579,18.33095238,11.77893155,4.974867725,3.082010582,2.814814815
214,"Holiday, Jrue",7.129114468,494.2335855,527,532,0.013400591,0.929010499,0.990601504,0.447368421,0.417362211,0.994268579,13.29642857,11.76640232,3.937781955,5.119548872,5.127819549
215,"Holiday, Justin",-38.4826737,244.9369588,217,234,-0.164455871,1.04673914,0.927350427,0.388888889,0.435379495,0.994268579,17.13333333,13.72880842,5.324358974,1.516239316,0.623931624
216,"Hollins, Ryan",9.985779974,91.14035133,106,82,0.121777805,1.111467699,1.292682927,0.646341463,0.55573385,0.994268579,6.404878049,12.69806306,3.513414634,1.323170732,0.37804878
217,"Hood, Rodney",-1.062430767,353.4302402,372,374,-0.002840724,0.945000642,0.994652406,0.414438503,0.391388031,0.994268579,17.04037433,9.965193425,4.682887701,2.710160428,2.050802139
218,"Horford, Al",20.20413462,949.8049778,1043,957,0.021111948,0.99248169,1.089864159,0.539184953,0.488802004,0.994268579,11.80376176,11.92694691,4.836050157,1.817345873,0.568443051
219,"Howard, Dwight",12.24151406,438.8337749,481,405,0.030225961,1.083540185,1.187654321,0.592592593,0.541330766,0.994268579,4.166419753,11.90739495,2.397777778,2.404197531,0.940740741
220,"Hudson, Lester",0.852929941,13.85089796,15,14,0.060923567,0.989349854,1.071428571,0.428571429,0.411212538,0.994268579,15.69285714,10.3749099,4.235714286,3.007142857,2.285714286
221,"Hummel, Robbie",-16.11146207,168.2656794,162,166,-0.097057,1.013648671,0.975903614,0.445783133,0.449849116,0.994268579,17.00421687,12.65932975,5.625903614,1.078915663,0.397590361
222,"Humphries, Kris",-52.19400622,440.7860795,420,445,-0.117289902,0.990530516,0.943820225,0.471910112,0.49231192,0.994268579,11.87820225,12.30198279,4.666516854,1.35011236,0.337078652
223,"Ibaka, Serge",-6.163684437,776.8573709,823,779,-0.007912304,0.997249513,1.05648267,0.478818999,0.449331236,0.994268579,15.42323492,13.08958262,4.94801027,1.381643132,0.264441592
224,"Iguodala, Andre",-33.25421803,531.8867263,527,488,-0.068143889,1.089931816,1.079918033,0.465163934,0.465269181,0.994268579,15.13688525,12.67197958,4.916598361,2.369672131,1.448770492
225,"Ilyasova, Ersan",-41.92335499,591.9167477,592,543,-0.077206915,1.090086091,1.090239411,0.476979742,0.480962976,0.994268579,14.88471455,13.58143364,4.960773481,1.152117864,0.377532228
226,"Ingles, Joe",-9.780344853,358.2287586,368,353,-0.027706359,1.014812347,1.042492918,0.419263456,0.40097682,0.994268579,19.04390935,10.10136641,5.684419263,2.13796034,1.198300283
227,"Irving, Kyrie",59.95282859,1168.02919,1292,1215,0.049343892,0.961340897,1.063374486,0.467489712,0.426291749,0.994268579,14.08320988,12.88498943,3.642962963,5.40436214,5.332510288
228,"Jack, Jarrett",4.282044949,707.7434958,755,809,0.00529301,0.874837448,0.933250927,0.442521632,0.40786909,0.994268579,14.55772559,11.98458512,3.915945612,5.480964153,5.491965389
229,"Jackson, Reggie",-59.37647808,934.8399712,931,992,-0.059855321,0.942379003,0.938508065,0.433467742,0.428494432,0.994268579,13.78528226,12.25307923,3.853528226,5.780241935,5.806451613
230,"James, Bernard",-10.63379873,32.15815786,24,27,-0.393844397,1.191042884,0.888888889,0.444444444,0.595521442,0.994268579,2.903703704,14.77587921,2.051851852,1.140740741,0.148148148
231,"James, LeBron",1.404185767,1264.079491,1345,1261,0.001113549,1.002442103,1.066613799,0.486915147,0.456369004,0.994268579,14.08628073,11.70590965,4.185011895,5.697858842,4.699444885
232,"Jefferson, Al",2.709908783,886.6359842,968,1007,0.002691071,0.880472675,0.961271102,0.479642502,0.439426937,0.994268579,9.412413108,10.56438793,3.089275074,2.548857994,0.657398213
233,"Jefferson, Cory",-26.46121264,157.4909561,144,155,-0.170717501,1.016070685,0.929032258,0.458064516,0.491265322,0.994268579,10.47677419,13.96896716,3.386451613,1.376129032,0.503225806
234,"Jefferson, Richard",-10.116287,344.9299198,354,323,-0.031319774,1.067894489,1.095975232,0.445820433,0.443984847,0.994268579,15.69535604,12.37781301,4.445201238,1.855417957,0.93498452
235,"Jenkins, John",15.03048107,100.5786811,119,99,0.151823041,1.015946274,1.202020202,0.494949495,0.410843754,0.994268579,19.61212121,12.70347165,5.629292929,1.576767677,0.696969697
236,"Jennings, Brandon",-56.07535354,537.671489,509,537,-0.104423377,1.001250445,0.947858473,0.404096834,0.43390117,0.994268579,15.56592179,13.23168235,4.177094972,5.367225326,5.797020484
237,"Jerebko, Jonas",-37.77622822,401.4908387,390,376,-0.100468692,1.067794784,1.037234043,0.446808511,0.464937926,0.994268579,14.70797872,12.05303503,4.946276596,1.329787234,0.484042553
238,"Jerrett, Grant",-13.41907714,27.21006375,15,26,-0.516118351,1.046540914,0.576923077,0.269230769,0.410772129,0.994268579,18.60769231,12.05769231,7.519230769,1.357692308,0.269230769
239,"Johnson, Amir",31.38875984,539.9565345,607,514,0.061067626,1.050499094,1.180933852,0.571984436,0.507932122,0.994268579,7.063424125,12.67371087,3.095330739,1.378210117,0.509727626
240,"Johnson, Chris",-27.98760985,171.0792534,152,154,-0.181737726,1.110904243,0.987012987,0.402597403,0.437686015,0.994268579,17.36428571,12.83081958,4.670779221,1.312987013,0.577922078
241,"Johnson, James",38.6562832,421.0190103,487,400,0.096640708,1.052547526,1.2175,0.595,0.50176938,0.994268579,8.108,12.23947477,3.4625,2.69125,1.965
242,"Johnson, Joe",19.60815512,923.8047479,1009,1009,0.019433256,0.915564666,1,0.440039643,0.396068155,0.994268579,15.61050545,10.75932571,4.22210109,3.824578791,3.266600595
243,"Johnson, Nick",-22.52479382,75.59891022,57,75,-0.300330584,1.00798547,0.76,0.346666667,0.457735859,0.994268579,11.54266667,14.24259939,3.248,2.585333333,2.093333333
244,"Johnson, Tyler",-15.01452896,161.1898223,155,162,-0.092682278,0.994998903,0.956790123,0.425925926,0.446522863,0.994268579,14.02469136,12.43355633,4.155555556,2.631481481,2.314814815
245,"Johnson, Wesley",-61.03170564,678.0433799,657,687,-0.088837999,0.986962707,0.956331878,0.413391557,0.42462007,0.994268579,17.88151383,12.58595393,4.628384279,1.733187773,0.854439592
246,"Jones, Dahntay",-10.23535533,21.04656579,12,21,-0.487397873,1.002217419,0.571428571,0.285714286,0.464687717,0.994268579,12.96666667,10.94517803,3.819047619,2.038095238,1.238095238
247,"Jones, James",-22.75487868,218.0490814,211,201,-0.113208352,1.0848213,1.049751244,0.368159204,0.379691504,0.994268579,23.24029851,11.94822105,5.692039801,1.141293532,0.28358209
248,"Jones, Perry",-26.14676005,179.1280163,163,184,-0.142101957,0.973521828,0.885869565,0.402173913,0.424174824,0.994268579,13.64293478,12.41517626,4.113586957,2.001086957,1.14673913
249,"Jones, Terrence",-3.589375617,311.0198516,327,297,-0.01208544,1.047204888,1.101010101,0.528619529,0.501093891,0.994268579,7.714141414,13.19171262,3.279124579,2.005387205,0.895622896
250,"Jordan, DeAndre",-0.129068738,706.269125,741,522,-0.000247258,1.353005987,1.41954023,0.708812261,0.67571933,0.994268579,3.437739464,17.15783991,2.900957854,0.756321839,0.16091954
251,"Jordan, Jerome",-15.08251396,100.2670256,92,84,-0.179553738,1.193655066,1.095238095,0.547619048,0.596827533,0.994268579,5.278571429,13.64630844,2.792857143,1.304761905,0.404761905
252,"Joseph, Cory",25.40613211,384.7187506,428,409,0.062117682,0.940632642,1.046454768,0.503667482,0.451837184,0.994268579,10.33349633,11.37640476,3.554767726,3.858679707,3.980440098
253,"Kaman, Chris",5.397031727,518.6159134,564,546,0.009884673,0.949845995,1.032967033,0.516483516,0.474922998,0.994268579,8.412087912,12.08016896,3.112637363,1.88992674,0.745421245
254,"Kanter, Enes",-33.98656246,940.6003139,976,919,-0.036982114,1.02350415,1.062023939,0.522306855,0.502042054,0.994268579,7.946245919,13.43024204,3.492709467,1.617519042,0.466811752
255,"Karasev, Sergey",-23.72044944,140.5297639,124,132,-0.179700375,1.064619424,0.939393939,0.409090909,0.45446006,0.994268579,15.27348485,13.0901324,4.872727273,1.275757576,0.560606061
256,"Kelly, Ryan",-65.20870357,301.8358731,253,308,-0.21171657,0.979986601,0.821428571,0.337662338,0.409937581,0.994268579,17.36071429,11.18657626,4.928896104,1.766883117,0.779220779
257,"Kidd-Gilchrist, Michael",-55.10195321,467.9992394,446,478,-0.115276053,0.979077907,0.933054393,0.466527197,0.489538953,0.994268579,9.850627615,12.83336028,3.435774059,1.917364017,1.290794979
258,"Kilpatrick, Sean",-6.019334593,21.23467476,16,19,-0.316807084,1.117614461,0.842105263,0.315789474,0.423618715,0.994268579,19.65263158,14.33684211,4.452631579,1.078947368,0.368421053
259,"Kirilenko, Andrei",-4.791028899,4.391742673,0,4,-1.197757225,1.097935668,0,0,0.548967834,0.994268579,3.475,9.187184661,1.725,1.575,1.25
260,"Kirk, Alex",-2.685866224,4.585674388,2,4,-0.671466556,1.146418597,0.5,0.25,0.573209299,0.994268579,12.125,10.56218466,3.625,0.775,0
261,"Knight, Brandon",-80.02874526,895.748232,858,872,-0.091776084,1.027234211,0.983944954,0.422018349,0.446720474,0.994268579,16.5233945,13.7752245,4.549885321,4.475458716,4.826834862
262,"Korver, Kyle",146.4303381,627.0462299,805,598,0.244866786,1.048572291,1.346153846,0.488294314,0.386396007,0.994268579,22.09531773,14.22510184,4.966053512,0.792307692,0.314381271
263,"Koufos, Kosta",-26.74693692,365.2571258,362,354,-0.075556319,1.03179979,1.02259887,0.511299435,0.515899895,0.994268579,6.808757062,13.3468499,3.176836158,1.201412429,0.389830508
264,"Kuzmic, Ognjen",3.918054782,11.81645208,16,12,0.326504565,0.98470434,1.333333333,0.666666667,0.49235217,0.994268579,8.533333333,13.95833333,3.891666667,0.833333333,0
265,"LaVine, Zach",-52.33911678,644.1763125,625,667,-0.07846944,0.965781578,0.937031484,0.425787106,0.440105774,0.994268579,15.04647676,13.05022232,4.191754123,4.030134933,3.734632684
266,"Lamb, Jeremy",-10.6401575,243.1491842,246,250,-0.04256063,0.972596737,0.984,0.416,0.407993708,0.994268579,17.2912,12.8233445,4.2168,2.9264,2.288
267,"Landry, Carl",7.26283928,345.3295104,380,366,0.019843823,0.943523252,1.038251366,0.519125683,0.471761626,0.994268579,9.65273224,11.7778275,3.669672131,1.648907104,0.333333333
268,"Larkin, Shane",-31.29870491,419.1378221,409,425,-0.073644012,0.98620664,0.962352941,0.44,0.445100338,0.994268579,14.47482353,11.64134647,4.585647059,3.275294118,3.028235294
269,"Lauvergne, Joffrey",-26.5882072,93.14895801,72,88,-0.302138718,1.058510887,0.818181818,0.397727273,0.497019812,0.994268579,9.301136364,13.89883497,3.939772727,1.419318182,0.534090909
270,"Lawson, Ty",-37.55569469,869.4526202,878,922,-0.040732858,0.94300718,0.952277657,0.438177874,0.432626105,0.994268579,14.08796095,13.2686204,4.405206074,5.455097614,5.31670282
271,"Ledo, Ricky",-22.65955733,90.62485182,74,96,-0.236037056,0.944008873,0.770833333,0.333333333,0.422501511,0.994268579,12.84895833,12.53370964,3.684375,2.7125,2.28125
272,"Lee, Courtney",-6.488915317,632.5908011,664,640,-0.01013893,0.988423127,1.0375,0.4484375,0.427535395,0.994268579,16.43140625,12.08507347,4.6475,1.89140625,1.1609375
273,"Lee, David",-11.05945841,308.8092918,320,307,-0.036024295,1.005893458,1.042345277,0.521172638,0.50243602,0.994268579,7.005537459,13.00386771,2.884364821,1.749837134,0.74267101
274,"Len, Alex",-56.30960208,377.8783533,347,342,-0.164647959,1.104907466,1.014619883,0.505847953,0.551250766,0.994268579,7.51754386,13.7055408,3.468128655,1.228947368,0.233918129
275,"Leonard, Kawhi",-9.813820933,804.6670765,847,816,-0.012026741,0.986111613,1.037990196,0.477941176,0.448755122,0.994268579,13.79840686,12.48867293,4.210294118,2.901470588,2.072303922
276,"Leonard, Meyers",12.86751884,268.8972443,297,245,0.052520485,1.097539773,1.212244898,0.510204082,0.463136175,0.994268579,16.18653061,11.98158117,5.97755102,1.283265306,0.33877551
277,"Leuer, Jon",-45.33261534,276.9504816,249,273,-0.166053536,1.014470628,0.912087912,0.443223443,0.487151666,0.994268579,11.96446886,12.5838181,4.185347985,1.426373626,0.454212454
278,"Lillard, Damian",-65.26922947,1372.40067,1376,1355,-0.048169173,1.012841823,1.015498155,0.435424354,0.432998645,0.994268579,16.31077491,13.17612945,4.188782288,5.276752768,5.238376384
279,"Lin, Jeremy",-23.26337464,609.949366,619,651,-0.03573483,0.93694219,0.950844854,0.425499232,0.422098375,0.994268579,14.1344086,12.35887891,3.815668203,4.897849462,4.388632873
280,"Livingston, Shaun",13.4816781,365.090404,396,394,0.034217457,0.926625391,1.005076142,0.502538071,0.462931936,0.994268579,9.155329949,11.7111291,3.002791878,3.742385787,3.241116751
281,"Lopez, Brook",26.31381076,880.6713988,983,942,0.027933982,0.934895328,1.043524416,0.521231423,0.465507313,0.994268579,9.971019108,12.10712945,3.789065817,1.82537155,0.564755839
282,"Lopez, Robin",-30.5115,465.3203217,468,434,-0.070302995,1.07216664,1.078341014,0.539170507,0.535637439,0.994268579,6.33156682,13.33820235,3.240552995,1.108525346,0.306451613
283,"Love, Kevin",-82.40758844,969.384476,955,937,-0.087948333,1.034561874,1.019210245,0.433297759,0.439273997,0.994268579,15.19295624,12.08333766,4.556350053,1.772892209,0.573105656
284,"Lowry, Kyle",-34.86803654,968.6120037,986,1029,-0.033885361,0.941313901,0.958211856,0.414965986,0.406114334,0.994268579,16.14528669,12.61402516,3.987852284,5.032069971,4.860058309
285,"Lucas III, John",-0.563217138,88.3622427,93,104,-0.005415549,0.849636949,0.894230769,0.403846154,0.380690995,0.994268579,18.49230769,10.70276333,4.311538462,6.292307692,6.576923077
286,"Lucas, Kalin",-0.908268574,0.854663612,0,1,-0.908268574,0.854663612,0,0,0.427331806,0.994268579,16.4,8.8,5.9,15.2,19
287,"Mack, Shelvin",-30.48367968,289.3266432,274,291,-0.104754913,0.994249633,0.941580756,0.402061856,0.417244645,0.994268579,16.52542955,12.22344849,5.287628866,3.484879725,3.553264605
288,"Mahinmi, Ian",-18.09443133,221.8851914,220,202,-0.089576393,1.098441542,1.089108911,0.544554455,0.549220771,0.994268579,5.364356436,13.26209749,2.788118812,1.133168317,0.247524752
289,"Marble, Devyn",-20.38896535,48.78207973,32,43,-0.474161985,1.13446697,0.744186047,0.325581395,0.464360366,0.994268579,15.50465116,14.56392415,5.623255814,1.6,0.860465116
290,"Marion, Shawn",-55.76657332,285.3534363,248,262,-0.212849516,1.089135253,0.946564885,0.450381679,0.509882992,0.994268579,9.090458015,12.53775737,3.655725191,1.403053435,0.675572519
291,"Marshall, Kendall",2.666695576,102.0295371,110,101,0.026402926,1.010193437,1.089108911,0.455445545,0.423118633,0.994268579,17.02772277,12.04943002,5.022772277,4.147524752,4.03960396
292,"Martin, Cartier",-20.61402613,52.35943617,36,52,-0.396423579,1.006912234,0.692307692,0.288461538,0.387267839,0.994268579,20.54615385,11.25281184,5.321153846,1.407692308,0.711538462
293,"Martin, Kenyon",-6.497178031,23.376674,18,21,-0.30938943,1.113174952,0.857142857,0.428571429,0.556587476,0.994268579,9.019047619,11.12857143,5.366666667,1.019047619,0.333333333
294,"Martin, Kevin",-5.835540709,572.0254494,597,614,-0.009504138,0.93163754,0.972312704,0.426710098,0.410046807,0.994268579,17.08778502,13.21794949,4.187785016,2.206026059,1.03257329
295,"Matthews, Wesley",13.18748022,790.6277586,847,751,0.017559894,1.052766656,1.127829561,0.44873502,0.415674112,0.994268579,18.53115846,12.49881275,4.867110519,2.115845539,1.170439414
296,"Maxiell, Jason",-36.55584815,184.4907981,162,188,-0.194446001,0.981334032,0.861702128,0.430851064,0.490667016,0.994268579,8.615957447,11.96299837,3.438829787,1.206382979,0.345744681
297,"Mayo, O.J.",-66.69654589,696.2080217,665,681,-0.097939128,1.022331897,0.97650514,0.418502203,0.437539453,0.994268579,16.54302496,13.50999761,4.186196769,2.098825257,1.389133627
298,"Mbah a Moute, Luc",-117.4138991,619.4323045,546,612,-0.191852776,1.012144288,0.892156863,0.39869281,0.445708289,0.994268579,14.74150327,12.28030015,4.848202614,1.871895425,0.867647059
299,"McAdoo, James Michael",41.04591734,52.2074832,96,44,0.932861758,1.186533709,2.181818182,0.545454545,0.593266855,0.994268579,4.647727273,13.46019861,2.788636364,1.322727273,0.522727273
300,"McCallum, Ray",-34.64519386,457.1798987,441,466,-0.07434591,0.981072744,0.946351931,0.43776824,0.447811872,0.994268579,12.54141631,12.01642616,4.183261803,3.593562232,3.502145923
301,"McCollum, CJ",-7.953564489,362.8128716,373,365,-0.021790588,0.994007867,1.021917808,0.435616438,0.425832932,0.994268579,15.90767123,12.24704726,4.540273973,3.101917808,2.682191781
302,"McDaniels, KJ",-90.94618338,443.9054209,380,425,-0.21399102,1.044483343,0.894117647,0.397647059,0.458863065,0.994268579,13.29152941,13.01715866,4.036,2.076941176,1.343529412
303,"McDermott, Doug",-20.62536349,112.2767486,99,104,-0.198320803,1.079584121,0.951923077,0.413461538,0.467127988,0.994268579,14.63557692,13.0288219,4.373076923,1.623076923,0.884615385
304,"McGary, Mitch",-19.17448463,184.5760664,176,165,-0.116208998,1.118642827,1.066666667,0.533333333,0.55694849,0.994268579,7.086060606,12.48997707,3.475151515,1.269090909,0.284848485
305,"McGee, JaVale",-13.8725097,91.20753797,84,79,-0.175601389,1.154525797,1.063291139,0.53164557,0.577262899,0.994268579,5.965822785,13.34044246,2.982278481,1.273417722,0.443037975
306,"McLemore, Ben",-66.3015348,871.1796511,856,823,-0.080560796,1.058541496,1.040097205,0.436208991,0.441753648,0.994268579,16.81433779,13.13136197,4.920291616,1.759538275,1.074119077
307,"McNeal, Jerel",-2.808161768,9.401935299,7,10,-0.280816177,0.94019353,0.7,0.3,0.434062603,0.994268579,13.22,12.51487386,4.12,4.51,4.7
308,"McRoberts, Josh",0.153331431,59.44031063,64,53,0.002893046,1.121515295,1.20754717,0.528301887,0.495519293,0.994268579,13.18490566,9.658490566,3.954716981,1.762264151,0.811320755
309,"Meeks, Jodie",-40.00589999,528.8864804,518,533,-0.075057974,0.992282327,0.971857411,0.416510319,0.424048725,0.994268579,16.82401501,13.17370992,4.437898687,1.53358349,0.96435272
310,"Mekel, Gal",-11.74073794,17.07656418,6,20,-0.587036897,0.853828209,0.3,0.15,0.398333197,0.994268579,12.97,10.74974773,3.505,5.175,5.85
311,"Middleton, Khris",10.76801535,851.7881859,911,855,0.01259417,0.996243492,1.065497076,0.470175439,0.439594748,0.994268579,15.74900585,12.70919256,4.547134503,2.05497076,1.360233918
312,"Miles, CJ",-72.68005342,826.8877089,809,825,-0.088097034,1.002288132,0.980606061,0.397575758,0.404633732,0.994268579,19.13624242,11.88162052,4.36969697,1.377818182,0.877575758
313,"Miller, Andre",16.3899037,266.0599402,295,288,0.056909388,0.923819237,1.024305556,0.5,0.442516823,0.994268579,9.834375,11.07526839,3.277777778,5.144444444,4.84375
314,"Miller, Darius",-3.591187445,5.681762428,2,7,-0.513026778,0.811680347,0.285714286,0.142857143,0.383569095,0.994268579,16.52857143,12.94285714,4.471428571,2.214285714,1
315,"Miller, Mike",-23.13525693,118.4550367,100,110,-0.210320518,1.07686397,0.909090909,0.318181818,0.379483524,0.994268579,23.75636364,12.47135217,6.120909091,1.107272727,0.3
316,"Miller, Quincy",-8.044667499,19.2167059,12,20,-0.402233375,0.960835295,0.6,0.25,0.387348522,0.994268579,17.445,13.79,4.795,1.89,0.9
317,"Mills, Patty",-38.29008938,341.7830451,318,336,-0.113958599,1.017211444,0.946428571,0.380952381,0.408114939,0.994268579,19.34672619,12.64051613,5.263392857,2.613690476,2.535714286
318,"Millsap, Elijah",-63.6341471,236.7549349,188,234,-0.2719408,1.011773226,0.803418803,0.341880342,0.433378902,0.994268579,13.6465812,11.02535728,4.233760684,1.855555556,1.136752137
319,"Millsap, Paul",-72.43318506,956.2866226,952,921,-0.078646238,1.03831338,1.033659066,0.475570033,0.474470996,0.994268579,11.03897937,11.74408887,4.112920738,2.051574376,1.047774159
320,"Mirotic, Nikola",-99.39528253,647.1613956,594,614,-0.161881568,1.054008788,0.96742671,0.403908795,0.432962464,0.994268579,16.92980456,12.1440875,4.857166124,1.865472313,0.85504886
321,"Mohammed, Nazr",-5.571350476,27.94005489,24,29,-0.192115534,0.963450169,0.827586207,0.413793103,0.481725084,0.994268579,8.782758621,10.23439577,3.34137931,1.568965517,0.344827586
322,"Monroe, Greg",-62.18740276,839.6262301,846,851,-0.073075679,0.986634818,0.994124559,0.49706228,0.493317409,0.994268579,5.211750881,11.6895812,2.437367803,2.740893067,1.19506463
323,"Moore, E'Twaun",-4.392841318,128.7234232,134,136,-0.032300304,0.946495759,0.985294118,0.448529412,0.422586973,0.994268579,13.43455882,11.94147919,4.25,3.095588235,2.963235294
324,"Moreland, Eric",1.037874615,0.808871733,2,1,1.037874615,0.808871733,2,1,0.404435867,0.994268579,5.9,12.44873864,3,2.3,1
325,"Morris, Darius",-31.61761298,106.3384191,79,105,-0.301120124,1.012746849,0.752380952,0.342857143,0.449208836,0.994268579,14.29714286,12.72034405,4.847619048,5.156190476,5.4
326,"Morris, Marcus",-32.59720421,750.8116036,767,753,-0.04328978,0.997093763,1.018592297,0.435590969,0.421119231,0.994268579,16.69243028,12.88905997,4.637184595,2.133333333,1.269588313
327,"Morris, Markieff",-44.19646129,1029.506072,1065,1085,-0.040734066,0.948853523,0.98156682,0.464516129,0.443479916,0.994268579,12.70230415,11.58735467,4.156866359,2.124700461,0.928110599
328,"Morrow, Anthony",61.10183547,616.6638103,711,614,0.09951439,1.004338453,1.157980456,0.464169381,0.402330256,0.994268579,18.38322476,13.40702922,4.67752443,1.382736156,0.716612378
329,"Motiejunas, Donatas",6.987756021,688.6775807,747,688,0.010156622,1.000984856,1.085755814,0.507267442,0.463571684,0.994268579,9.655377907,12.02613346,3.903197674,1.931395349,0.805232558
330,"Mozgov, Timofey",-65.13402089,650.38298,630,564,-0.115485853,1.153161312,1.117021277,0.556737589,0.574403553,0.994268579,5.993794326,13.01948565,3.250886525,1.346631206,0.372340426
331,"Muhammad, Shabazz",-28.84115775,399.6765055,400,389,-0.074141794,1.027446029,1.028277635,0.488431877,0.488156338,0.994268579,9.956812339,13.88223627,3.166066838,1.66066838,1.01285347
332,"Murry, Toure",0.274043765,3.715241774,4,3,0.091347922,1.238413925,1.333333333,0.666666667,0.619206962,0.994268579,8.133333333,14.53333333,6.4,3.433333333,3.333333333
333,"Muscala, Mike",1.886049573,157.3570789,170,147,0.012830269,1.070456319,1.156462585,0.551020408,0.507445951,0.994268579,11.56394558,12.49178525,4.878911565,1.068027211,0.319727891
334,"Napier, Shabazz",-16.47513233,222.2724734,217,228,-0.072259352,0.974879269,0.951754386,0.381578947,0.395971827,0.994268579,18.54254386,10.21658922,4.616666667,3.364035088,2.842105263
335,"Neal, Gary",-40.15893257,441.9695233,428,502,-0.079997874,0.880417377,0.852589641,0.376494024,0.384209671,0.994268579,17.36155378,11.72544775,3.681075697,3.122310757,2.492031873
336,"Nelson, Jameer",-13.70173894,488.4301932,499,501,-0.02734878,0.974910565,0.996007984,0.409181637,0.398122683,0.994268579,18.89121756,12.66142669,4.751097804,4.95249501,5.025948104
337,Nene,-38.15463681,603.6226454,611,594,-0.064233395,1.01619974,1.028619529,0.513468013,0.506441047,0.994268579,9.702861953,11.9282531,4.155218855,2.094107744,0.644781145
338,"Nicholson, Andrew",-16.10286975,178.2133766,176,189,-0.085200369,0.942927919,0.931216931,0.433862434,0.432800745,0.994268579,15.10952381,11.60339244,4.856084656,1.502645503,0.492063492
339,"Noah, Joakim",-96.38916539,442.7920092,378,423,-0.227870367,1.04678962,0.893617021,0.446808511,0.523274115,0.994268579,7.108747045,13.52030711,3.440189125,1.324586288,0.451536643
340,"Noel, Nerlens",-126.3148218,666.1923478,588,637,-0.198296424,1.045827862,0.923076923,0.461538462,0.522913931,0.994268579,6.848351648,13.31057476,3.180533752,1.640816327,0.635792779
341,"Nogueira, Lucas",-6.004429094,9.33339549,4,8,-0.750553637,1.166674436,0.5,0.25,0.583337218,0.994268579,8,13.3625,4.2875,0.9875,0
342,"Novak, Steve",1.058596619,59.26550478,63,56,0.018903511,1.058312585,1.125,0.392857143,0.369324291,0.994268579,24.09642857,12.05531209,5.632142857,1.007142857,0.178571429
343,"Nowitzki, Dirk",51.42603287,950.556649,1078,1062,0.04842376,0.895062758,1.015065913,0.458568738,0.401189637,0.994268579,17.33926554,12.10249486,4.505932203,2.001506591,0.624293785
344,"Nurkic, Jusuf",-63.06285031,378.880966,342,380,-0.165954869,0.997055174,0.9,0.45,0.497798092,0.994268579,6.177631579,13.17772001,2.880526316,1.533421053,0.647368421
345,"O'Bryant, Johnny",-33.66841882,111.3912131,86,115,-0.292768859,0.968619244,0.747826087,0.373913043,0.484309622,0.994268579,12.06173913,12.54691265,4.622608696,0.242608696,0.382608696
346,"O'Quinn, Kyle",-7.376595834,238.5618343,250,242,-0.030481801,0.985792704,1.033057851,0.491735537,0.459402327,0.994268579,12.54628099,11.13467947,4.697107438,1.69338843,0.392561983
347,"Oladipo, Victor",-121.7123328,1075.412391,1026,1082,-0.112488293,0.993911637,0.948243993,0.435304991,0.455554884,0.994268579,12.09149723,12.52780328,3.779297597,4.149075786,3.918669131
348,"Olynyk, Kelly",-43.10910536,558.1058791,552,517,-0.083383183,1.07950847,1.067698259,0.47582205,0.476101909,0.994268579,13.65512573,13.81511788,4.966924565,1.558994197,0.638297872
349,"Onuaku, Arinze",5.565551339,17.45277573,24,14,0.397539381,1.246626838,1.714285714,0.857142857,0.623313419,0.994268579,4.05,13.38571429,2.85,1.05,0.214285714
350,"Pachulia, Zaza",-103.3963794,519.9557738,456,504,-0.205151546,1.031658281,0.904761905,0.452380952,0.515137989,0.994268579,9.484126984,12.18705813,4.545238095,1.576190476,0.44047619
351,"Papanikolaou, Kostas",-63.22997204,209.5942057,157,189,-0.334550117,1.108964051,0.830687831,0.343915344,0.452693014,0.994268579,15.71693122,11.98195719,5.486772487,1.780952381,0.82010582
352,"Pargo, Jannero",7.487493284,31.16326597,39,35,0.21392838,0.890379028,1.114285714,0.428571429,0.345282948,0.994268579,22.22571429,13.41707078,3.76,3.085714286,2.6
353,"Parker, Jabari",-36.70459066,276.9479993,260,261,-0.140630616,1.061103446,0.996168582,0.490421456,0.519025578,0.994268579,9.843678161,13.98783921,3.456704981,2.081609195,1.375478927
354,"Parker, Tony",44.48258116,763.3496022,846,831,0.053528979,0.918591579,1.018050542,0.486161252,0.438090654,0.994268579,12.31239471,12.19831929,3.797954272,5.096750903,5.845968712
355,"Parsons, Chandler",-26.36623962,865.8289295,893,823,-0.032036743,1.052040011,1.085054678,0.462940462,0.448858089,0.994268579,14.30303767,13.6260657,4.286148238,2.335479951,1.309842041
356,"Patterson, Patrick",-17.99516009,556.2394993,576,525,-0.034276495,1.059503808,1.097142857,0.44952381,0.42698421,0.994268579,16.84095238,12.42396156,5.399238095,1.159047619,0.516190476
357,"Paul, Chris",146.6755052,1057.571554,1259,1162,0.126226769,0.910130425,1.083476764,0.483648881,0.402742911,0.994268579,16.82719449,12.43700369,4.638296041,5.96979346,5.910499139
358,"Payne, Adreian",-39.383751,205.4430512,183,220,-0.17901705,0.933832051,0.831818182,0.413636364,0.459393105,0.994268579,11.69954545,12.25226126,3.950909091,1.970454545,0.709090909
359,"Payton, Elfrid",-95.14529506,663.1209044,611,701,-0.135727953,0.9459642,0.871611983,0.427960057,0.462125065,0.994268579,7.965620542,12.98710722,3.141797432,5.191868759,5.533523538
360,"Pekovic, Nikola",-62.34046685,302.8591318,270,313,-0.199170821,0.96760106,0.862619808,0.431309904,0.48380053,0.994268579,5.840894569,12.03656938,2.415974441,2.120447284,0.843450479
361,"Perkins, Kendrick",-36.25962451,224.3169676,204,226,-0.160440816,0.992552954,0.902654867,0.451327434,0.496066799,0.994268579,5.452654867,11.70860041,2.933628319,1.919026549,0.721238938
362,"Pierce, Paul",11.24474969,658.3848789,709,656,0.017141387,1.003635486,1.080792683,0.449695122,0.417764648,0.994268579,17.14634146,12.66101145,4.272865854,1.92804878,0.900914634
363,"Plumlee, Mason",-26.69152814,531.9241022,540,451,-0.059182989,1.179432599,1.197339246,0.598669623,0.589561151,0.994268579,4.368070953,13.2617153,2.799778271,1.66518847,0.623059867
364,"Plumlee, Miles",-30.61353094,272.9351342,258,240,-0.127556379,1.137229726,1.075,0.5375,0.568614863,0.994268579,4.831666667,13.78225488,2.835,1.51125,0.4
365,"Pondexter, Quincy",3.311796925,472.0916972,503,444,0.007459002,1.063269588,1.132882883,0.421171171,0.430370113,0.994268579,16.62815315,11.47433182,4.803828829,1.623873874,0.84009009
366,"Porter, Otto",-31.57311614,396.3156554,387,391,-0.080749658,1.013595027,0.989769821,0.450127877,0.457192594,0.994268579,15.06777494,12.55122393,4.71713555,1.474680307,0.664961637
367,"Powell, Dwight",-10.60453922,71.95281821,65,67,-0.158276705,1.07392266,0.970149254,0.462686567,0.506599176,0.994268579,12.37910448,13.50589484,5.107462687,1.358208955,0.462686567
368,"Pressey, Phil",-39.44298978,177.2333837,144,173,-0.227994161,1.024470426,0.832369942,0.369942197,0.445528184,0.994268579,14.81907514,13.36700828,4.63583815,4.735260116,4.936416185
369,"Price, A.J.",-10.44136554,100.9311928,96,116,-0.090011772,0.870096489,0.827586207,0.362068966,0.367485874,0.994268579,18.20775862,10.43225147,3.868965517,5.001724138,5.327586207
370,"Price, Ronnie",-42.69041481,216.7496234,185,222,-0.192299166,0.976349655,0.833333333,0.346846847,0.403800031,0.994268579,17.61846847,11.81784756,4.407657658,3.493243243,2.887387387
371,"Prigioni, Pablo",-16.01071725,242.7449808,239,228,-0.070222444,1.064670968,1.048245614,0.399122807,0.400450493,0.994268579,21.09824561,10.92843132,5.678508772,2.459210526,1.912280702
372,"Prince, Tayshaun",-12.57685007,369.3655248,385,400,-0.031442125,0.923413812,0.9625,0.4425,0.428581994,0.994268579,15.0695,11.02116801,4.266,2.27225,1.2525
373,"Raduljica, Miroslav",-2.955174957,8.359098236,6,8,-0.36939687,1.04488728,0.75,0.375,0.52244364,0.994268579,6.225,10.4375,2.9125,1.925,0.5
374,"Randle, Julius",-1.229831398,2.895918302,2,3,-0.409943799,0.965306101,0.666666667,0.333333333,0.48265305,0.994268579,10.6,10.43333333,4.233333333,5.633333333,2.333333333
375,"Randolph, Shavlik",-19.7646063,33.46987054,16,34,-0.58131195,0.984407957,0.470588235,0.235294118,0.465046498,0.994268579,8.579411765,14.28084525,3.832352941,1.705882353,0.588235294
376,"Randolph, Zach",-52.9548715,891.6148558,915,931,-0.056879561,0.957695871,0.982814178,0.487647691,0.476053149,0.994268579,8.593340494,11.51593655,3.049409237,2.47755102,0.917293233
377,"Redick, JJ",111.7284686,926.4580291,1088,931,0.120009096,0.995121406,1.168635875,0.477980666,0.40592305,0.994268579,19.62653061,13.408249,4.993447905,1.437271751,0.73254565
378,"Rice Jr., Glen",-9.628906327,15.56182031,7,15,-0.641927088,1.037454687,0.466666667,0.2,0.433221506,0.994268579,16.26666667,10.16666667,4.093333333,1.606666667,1.066666667
379,"Richardson, Jason",-29.87860897,172.002843,152,175,-0.170734908,0.982873388,0.868571429,0.348571429,0.393472026,0.994268579,18.76971429,12.39597117,4.922857143,2.379428571,1.491428571
380,"Ridnour, Luke",-1.42294907,161.5725298,170,175,-0.008131138,0.923271599,0.971428571,0.428571429,0.398705641,0.994268579,18.68971429,12.05421364,5.050857143,4.596571429,5.12
381,"Rivers, Austin",-62.22245914,482.953777,445,496,-0.125448506,0.973697131,0.897177419,0.409274194,0.436403426,0.994268579,12.93790323,11.60197544,4.275604839,4.397177419,4.314516129
382,"Roberson, Andre",-52.89628499,247.2440735,205,200,-0.264481425,1.236220368,1.025,0.46,0.533673518,0.994268579,12.562,13.51621847,5.4765,1.2005,0.405
383,"Roberts, Brian",-27.74001799,418.0067425,412,450,-0.061644484,0.928903872,0.915555556,0.388888889,0.388943024,0.994268579,18.95177778,12.34106626,4.724444444,3.675555556,3.386666667
384,"Robinson, Glenn",-13.20782984,66.13112826,57,67,-0.197131789,0.987031765,0.850746269,0.388059701,0.442589488,0.994268579,14.32835821,12.69770472,4.337313433,2.070149254,1.402985075
385,"Robinson, Nate",-50.70267549,244.1941537,203,253,-0.200405832,0.965194283,0.802371542,0.339920949,0.403787906,0.994268579,17.93794466,13.18369475,4.408695652,4.24743083,4.090909091
386,"Robinson, Thomas",-40.43326015,274.0324749,252,258,-0.156718063,1.062141375,0.976744186,0.488372093,0.53061113,0.994268579,6.448449612,14.05575529,3.262015504,1.93255814,0.984496124
387,"Rondo, Rajon",-79.74633858,625.8047729,577,643,-0.124022299,0.973257812,0.897356143,0.427682737,0.462463448,0.994268579,12.37900467,13.46338979,4.355520995,4.651944012,4.242612753
388,"Rose, Derrick",-83.6555904,784.7628948,749,833,-0.100426879,0.942092311,0.899159664,0.404561825,0.416414757,0.994268579,14.81620648,13.24032196,3.764105642,4.205402161,3.681872749
389,"Ross, Terrence",-41.09245117,753.5238519,754,741,-0.0554554,1.016901285,1.01754386,0.411605938,0.41300114,0.994268579,18.21039136,11.94719261,4.500809717,2.095681511,1.399460189
390,"Rubio, Ricky",-42.82979301,201.134506,169,219,-0.195569831,0.918422402,0.771689498,0.356164384,0.417012775,0.994268579,17.13607306,12.43741988,4.490410959,4.010045662,3.96347032
391,"Rudez, Damjan",18.39670241,267.1514058,301,251,0.073293635,1.06434823,1.199203187,0.462151394,0.40960415,0.994268579,20.9876494,11.98860019,5.49123506,1.244621514,0.458167331
392,"Rush, Brandon",-29.93446875,52.19284087,25,52,-0.575662861,1.003708478,0.480769231,0.211538462,0.412217696,0.994268579,17.71153846,13.29709113,5.511538462,2.194230769,1.576923077
393,"Sacre, Robert",-30.42550342,262.5632146,252,305,-0.099755749,0.860862999,0.826229508,0.413114754,0.429987816,0.994268579,10.90393443,11.29082232,3.867540984,2.026229508,0.626229508
394,"Salmons, John",-11.58516166,48.91494512,40,48,-0.241357535,1.019061357,0.833333333,0.333333333,0.405161096,0.994268579,19.64375,10.05726539,5.925,2.197916667,1.083333333
395,"Sampson, JaKarr",-61.32299931,354.5133669,313,335,-0.183053729,1.058248856,0.934328358,0.420895522,0.460875759,0.994268579,12.61164179,12.86382788,4.286268657,2.534925373,1.76119403
396,"Sanders, Larry",-46.02913256,204.9346239,172,170,-0.270759603,1.205497788,1.011764706,0.505882353,0.602748894,0.994268579,4.777058824,14.59521992,2.836470588,1.192941176,0.382352941
397,"Schroder, Dennis",-58.71533505,643.2560186,620,664,-0.088426709,0.968759064,0.93373494,0.427710843,0.444761709,0.994268579,12.44743976,11.19547934,3.99939759,5.64246988,5.570783133
398,"Scola, Luis",-56.27547409,595.0167856,581,617,-0.091208224,0.964370803,0.94165316,0.466774716,0.477244112,0.994268579,10.57406807,12.49289047,3.658670989,1.654132901,0.612641815
399,"Scott, Mike",-24.66828977,465.5218189,468,453,-0.054455386,1.027641984,1.033112583,0.443708609,0.436702259,0.994268579,15.63532009,11.63171011,4.837527594,1.203532009,0.29580574
400,"Sefolosha, Thabo",-52.80859969,269.6165017,233,246,-0.214669104,1.096002039,0.947154472,0.422764228,0.48586738,0.994268579,12.08414634,12.56170658,4.483739837,1.622764228,0.849593496
401,"Seraphin, Kevin",26.2266822,406.2945185,462,449,0.058411319,0.904887569,1.028953229,0.514476615,0.451923511,0.994268579,9.098663697,11.06800919,3.325835189,2.49064588,0.930957684
402,"Sessions, Ramon",-69.27937595,317.322302,267,330,-0.209937503,0.961582733,0.809090909,0.375757576,0.448346221,0.994268579,11.77636364,12.86753753,3.780909091,3.97969697,3.703030303
403,"Shumpert, Iman",-59.09000278,480.7328566,453,470,-0.12572341,1.022835865,0.963829787,0.410638298,0.433580491,0.994268579,17.17276596,12.54248341,4.964468085,2.443404255,1.79787234
404,"Shved, Alexey",-28.6101274,321.6518838,308,330,-0.086697356,0.974702678,0.933333333,0.396969697,0.417960874,0.994268579,15.20333333,12.49884384,4.044242424,3.769090909,3.415151515
405,"Sims, Henry",-43.34574533,477.0412242,472,495,-0.087567162,0.963719645,0.953535354,0.472727273,0.473654662,0.994268579,11.18484848,13.3228028,4.186060606,1.348888889,0.218181818
406,"Singler, Kyle",-58.58068728,466.6025967,438,443,-0.132236314,1.053278999,0.988713318,0.386004515,0.422475869,0.994268579,17.98871332,11.86959612,5.15530474,1.632731377,0.866817156
407,"Sloan, Donald",-11.89961113,318.5681099,323,342,-0.034794185,0.931485702,0.944444444,0.415204678,0.404083022,0.994268579,14.3119883,11.4156567,3.419298246,5.402923977,5.581871345
408,"Smart, Marcus",-70.12554377,488.3219274,441,477,-0.147013719,1.023735697,0.924528302,0.36687631,0.410258337,0.994268579,18.14675052,13.38284265,4.293291405,2.478616352,2.004192872
409,"Smith, Greg",-4.190591893,59.26146902,58,48,-0.087303998,1.234613938,1.208333333,0.604166667,0.617306969,0.994268579,2.725,13.89684872,2.710416667,1.072916667,0.166666667
410,"Smith, Ish",-50.51607918,332.3653215,300,361,-0.139933737,0.920679561,0.831024931,0.390581717,0.430878836,0.994268579,9.56066482,11.75273864,3.516066482,5.352908587,5.686980609
411,"Smith, J.R.",0.654170604,741.8067445,793,755,0.000866451,0.982525489,1.050331126,0.417218543,0.392370828,0.994268579,20.75748344,11.98807386,4.62384106,2.74794702,2.002649007
412,"Smith, Jason",-31.64506721,521.2299397,529,586,-0.054001821,0.889470887,0.902730375,0.438566553,0.430633664,0.994268579,14.78634812,11.43921471,4.692150171,1.641296928,0.377133106
413,"Smith, Josh",-153.926916,975.0442371,891,981,-0.156908171,0.993928886,0.908256881,0.417940877,0.453862346,0.994268579,12.17777778,12.20848215,4.078389399,2.129153925,1.087665647
414,"Smith, Russ",-6.704109442,23.14891869,18,25,-0.268164378,0.925956747,0.72,0.32,0.396696997,0.994268579,14.944,12.83589909,4.536,3.596,3.84
415,"Snell, Tony",-16.77206104,385.1236975,391,369,-0.04545274,1.043695657,1.059620596,0.430894309,0.422397038,0.994268579,17.07560976,12.02826167,4.892140921,1.88699187,1.162601626
416,"Speights, Marreese",-26.05325455,610.6689264,631,637,-0.040899929,0.958663935,0.990580848,0.491365777,0.475378576,0.994268579,11.97739403,13.3028587,4.289952904,1.254160126,0.368916797
417,"Splitter, Tiago",-10.55803506,326.7911007,338,301,-0.035076528,1.08568472,1.122923588,0.561461794,0.54284236,0.994268579,4.180066445,13.33931429,2.59833887,1.569767442,0.558139535
418,"Stauskas, Nik",-43.45939465,294.1386847,264,296,-0.146822279,0.993711773,0.891891892,0.364864865,0.406027574,0.994268579,18.10135135,11.72900292,4.681418919,2.068581081,1.418918919
419,"Stephenson, Lance",-120.8156359,514.9720226,430,548,-0.220466489,0.939729968,0.784671533,0.375912409,0.437145254,0.994268579,14.12062044,12.11703672,4.108576642,3.53850365,2.936131387
420,"Stiemsma, Greg",1.396332676,10.11445677,12,8,0.174541585,1.264307097,1.5,0.75,0.632153548,0.994268579,4.325,10.6875,4.6875,0.6875,0
421,"Stockton, David",-2.114066494,2.171215926,0,2,-1.057033247,1.085607963,0,0,0.461293227,0.994268579,17.1,14.72436932,5.7,4.1,3.5
422,"Stokes, Jarnell",-1.926516901,39.08543401,40,36,-0.053514358,1.0857065,1.111111111,0.555555556,0.54285325,0.994268579,4.525,13.01104104,2.822222222,1.644444444,0.583333333
423,"Stoudemire, Amar'e",28.19425695,480.1612465,542,486,0.058012874,0.987986104,1.115226337,0.557613169,0.493216692,0.994268579,6.946502058,11.31885218,2.710082305,2.480452675,0.697530864
424,"Stuckey, Rodney",-28.9324428,700.3662422,712,741,-0.039045132,0.94516362,0.960863698,0.443994602,0.44013362,0.994268579,13.09905533,11.93271182,3.90782726,3.806612686,3.452091768
425,"Sullinger, Jared",-79.65957857,694.4911418,672,703,-0.113313768,0.987896361,0.955903272,0.440967283,0.446229916,0.994268579,13.32119488,13.1501739,4.20398293,1.921337127,0.753911807
426,"Taylor, Jeff",-27.357034,120.7477334,101,114,-0.239973982,1.059190644,0.885964912,0.394736842,0.467894641,0.994268579,13.71754386,11.83463806,4.699122807,2.185964912,1.298245614
427,"Teague, Jeff",-45.40478419,882.1164482,885,881,-0.05153778,1.001267251,1.004540295,0.461975028,0.457515917,0.994268579,11.71146425,13.00094998,4.307604994,5.412372304,5.5584563
428,"Teletovic, Mirza",-39.63563688,324.0260459,306,313,-0.126631428,1.035226984,0.977635783,0.389776358,0.408160006,0.994268579,18.56677316,12.58687678,4.808626198,1.393929712,0.600638978
429,"Telfair, Sebastian",-17.1977837,115.8677393,104,121,-0.142130444,0.957584622,0.859504132,0.363636364,0.397280455,0.994268579,16.38429752,9.956114952,3.790082645,4.71322314,4.47107438
430,"Temple, Garrett",-21.4039307,178.608508,169,170,-0.125905475,1.050638283,0.994117647,0.4,0.428750434,0.994268579,17.32176471,12.48202172,5.325882353,1.808235294,1.111764706
431,"Terry, Jason",2.617485474,469.67049,491,442,0.005921913,1.062602918,1.110859729,0.416289593,0.395335746,0.994268579,20.2479638,13.19362521,4.977375566,1.890271493,1.158371041
432,"Thomas, Isaiah",-14.28562085,762.2753228,783,775,-0.018433059,0.983581062,1.010322581,0.423225806,0.415994391,0.994268579,15.53109677,13.21502191,3.851354839,4.085806452,3.798709677
433,"Thomas, Lance",-64.4325954,362.448627,323,396,-0.162708574,0.91527431,0.815656566,0.398989899,0.447257182,0.994268579,12.54772727,11.83330785,4.221464646,1.778282828,0.727272727
434,"Thomas, Malcolm",-12.44119751,44.96213109,36,39,-0.319005064,1.152875156,0.923076923,0.461538462,0.541382163,0.994268579,8.992307692,12.25384615,4.294871795,1.453846154,0.358974359
435,"Thomas, Tyrus",0.947007506,0.832981295,2,1,0.947007506,0.832981295,2,1,0.416490648,0.994268579,16.7,11,3.5,1.8,1
436,"Thompson, Hollis",-15.97171393,541.0474849,558,529,-0.030192276,1.022774074,1.054820416,0.419659735,0.413931261,0.994268579,17.58090737,12.90591887,4.80510397,1.494139887,0.829867675
437,"Thompson, Jason",-40.99623688,409.7607857,400,426,-0.096235298,0.961879779,0.938967136,0.469483568,0.480876166,0.994268579,9.576760563,12.77943345,3.896948357,1.362910798,0.453051643
438,"Thompson, Klay",112.062617,1247.837065,1432,1282,0.087412338,0.973351844,1.11700468,0.465678627,0.411385743,0.994268579,16.81708268,13.58967997,4.136661466,2.277379095,1.554602184
439,"Thompson, Tristan",-61.67255275,551.8550534,526,480,-0.128484485,1.149698028,1.095833333,0.547916667,0.574849014,0.994268579,4.666458333,13.35852064,2.690416667,1.300416667,0.45
440,"Thornton, Marcus",-27.66812351,335.8141943,330,340,-0.081376834,0.987688807,0.970588235,0.405882353,0.419827179,0.994268579,16.58911765,13.16303259,3.921764706,2.262058824,1.832352941
441,"Tolliver, Anthony",-39.91928961,430.1459117,419,384,-0.103956483,1.120171645,1.091145833,0.411458333,0.420379573,0.994268579,20.09713542,12.12354471,5.62109375,0.994010417,0.1328125
442,"Tucker, PJ",-71.2720893,631.9499492,600,586,-0.121624726,1.078412883,1.023890785,0.438566553,0.454295496,0.994268579,14.89658703,12.77505519,4.907167235,1.903071672,1.066552901
443,"Turkoglu, Hedo",19.97010736,196.1709781,226,188,0.106223975,1.04346265,1.20212766,0.441489362,0.385753809,0.994268579,22.17606383,11.17711424,5.316489362,1.983510638,0.994680851
444,"Turner, Evan",-91.01669254,711.0773559,665,741,-0.122829545,0.959618564,0.897435897,0.426450742,0.449540057,0.994268579,12.90688259,12.78477185,3.914979757,4.464777328,4.188933873
445,"Udoh, Ekpe",-0.390462728,21.51443152,22,24,-0.01626928,0.896434647,0.916666667,0.458333333,0.448217323,0.994268579,9.520833333,11.79166667,3.745833333,2.166666667,0.666666667
446,"Udrih, Beno",23.47694849,467.4228608,514,501,0.046860177,0.932979762,1.025948104,0.487025948,0.432140181,0.994268579,14.71836327,11.70459746,4.273852295,3.516167665,3.409181637
447,"Valanciunas, Jonas",27.40136878,652.6785658,728,640,0.042814639,1.019810259,1.1375,0.56875,0.50983756,0.994268579,5.55640625,12.73084952,2.8209375,2.0840625,0.7109375
448,"Varejao, Anderson",-0.495504675,207.5730864,222,199,-0.002489973,1.043080836,1.115577889,0.557788945,0.519814618,0.994268579,8.151758794,12.31657024,3.992964824,1.244723618,0.422110553
449,"Vasquez, Greivis",-9.123484941,686.0277519,713,715,-0.012760119,0.959479373,0.997202797,0.406993007,0.391908913,0.994268579,17.37706294,11.65591583,4.63048951,3.591888112,3.118881119
450,"Villanueva, Charlie",-28.41667321,385.2821906,383,362,-0.078499097,1.064315444,1.05801105,0.414364641,0.418578332,0.994268579,18.30718232,13.08849758,5.121546961,1.163812155,0.395027624
451,"Vonleh, Noah",-14.34791425,72.33390404,63,75,-0.191305523,0.964452054,0.84,0.386666667,0.449058816,0.994268579,9.568,11.54731652,3.668,2.116,0.973333333
452,"Vucevic, Nikola",28.38537417,1124.567709,1248,1190,0.023853256,0.945014882,1.048739496,0.523529412,0.471756957,0.994268579,10.02428571,12.24221099,3.854789916,1.694705882,0.685714286
453,"Wade, Dwyane",7.91635305,930.7483135,1002,1033,0.007663459,0.901014824,0.969990319,0.472410455,0.434955039,0.994268579,12.57308809,12.10679914,3.397967086,4.254307841,3.516940949
454,"Waiters, Dion",-179.1286972,937.3368007,812,935,-0.191581494,1.002499252,0.868449198,0.395721925,0.452305652,0.994268579,14.08074866,13.10114409,4.337754011,3.252727273,2.486631016
455,"Walker, Henry",-18.08661401,159.0366949,150,150,-0.120577427,1.060244633,1,0.36,0.389440894,0.994268579,21.368,11.00661621,5.791333333,1.343333333,0.453333333
456,"Walker, Kemba",-108.8830978,896.5536259,838,976,-0.111560551,0.918600027,0.858606557,0.386270492,0.412424459,0.994268579,14.80061475,11.92906559,3.84682377,4.916188525,5.009221311
457,"Wall, John",-77.6506244,1110.626237,1089,1152,-0.067405056,0.964085275,0.9453125,0.444444444,0.449426351,0.994268579,14.32907986,13.22779959,4.441666667,5.722395833,5.681423611
458,"Wallace, Gerald",-8.767911647,36.10987778,29,34,-0.257879754,1.062055229,0.852941176,0.411764706,0.523712509,0.994268579,6.785294118,14.04110227,3.197058824,1.405882353,0.794117647
459,"Warren, TJ",-5.161326464,222.8742584,231,214,-0.024118348,1.041468497,1.079439252,0.528037383,0.502895862,0.994268579,8.701869159,13.93079397,3.469626168,1.712616822,1.028037383
460,"Watson, CJ",5.462357642,407.0687681,432,416,0.013130667,0.978530693,1.038461538,0.435096154,0.414223498,0.994268579,17.19254808,12.60664587,4.620432692,3.734375,3.540865385
461,"Wear, David",-2.525038101,2.24325045,0,2,-1.26251905,1.121625225,0,0,0.469725103,0.994268579,13.8,20,3.35,0.5,0
462,"Wear, Travis",-23.76597588,179.4508167,168,201,-0.118238686,0.892790133,0.835820896,0.393034826,0.420190779,0.994268579,16.36666667,11.19622473,4.685074627,1.972139303,0.786069652
463,"Webster, Martell",-36.09121047,89.88107754,58,90,-0.40101345,0.998678639,0.644444444,0.266666667,0.416335753,0.994268579,17.79,13.36216616,4.662222222,1.59,0.777777778
464,"West, David",3.064905739,599.0395972,650,686,0.004467793,0.873235564,0.947521866,0.470845481,0.431278465,0.994268579,13.67026239,11.06584876,4.338629738,1.760932945,0.7303207
465,"Westbrook, Russell",-179.4184448,1423.468799,1333,1458,-0.123057918,0.976316048,0.914266118,0.427983539,0.453944197,0.994268579,13.23587106,14.26395024,3.635253772,5.176268861,5.020576132
466,"Whiteside, Hassan",36.71903339,405.0592626,468,372,0.098707079,1.088868985,1.258064516,0.629032258,0.544434493,0.994268579,5.162365591,13.13895815,2.55672043,1.523387097,0.365591398
467,"Whittington, Shayne",-8.189477658,38.27839265,33,39,-0.209986607,0.981497248,0.846153846,0.41025641,0.463704075,0.994268579,11.05384615,12.62169784,4.1,1.194871795,0.333333333
468,"Wiggins, Andrew",-130.3716439,1067.055601,1016,1119,-0.116507278,0.953579626,0.90795353,0.436997319,0.456178163,0.994268579,11.7463807,12.79640509,3.30616622,2.452904379,1.431635389
469,"Wilcox, CJ",-0.23687204,37.09562107,39,38,-0.006233475,0.976200554,1.026315789,0.421052632,0.3983572,0.994268579,20.15263158,12.20263158,4.486842105,1.478947368,0.763157895
470,"Williams, Deron",-85.74859977,727.1475496,683,768,-0.111651823,0.946806705,0.889322917,0.388020833,0.417461955,0.994268579,14.97005208,12.8069218,4.017317708,5.220442708,5.182291667
471,"Williams, Derrick",-77.5219944,524.853254,479,480,-0.161504155,1.093444279,0.997916667,0.447916667,0.486200977,0.994268579,13.100625,12.69650206,4.41875,1.719583333,0.889583333
472,"Williams, Elliot",-2.816084313,35.91315725,36,36,-0.078224564,0.997587701,1,0.388888889,0.413001015,0.994268579,18.56944444,9.152707702,4.683333333,2.444444444,1.444444444
473,"Williams, Lou",-28.1352706,864.1443991,880,909,-0.030951893,0.950653904,0.96809681,0.402640264,0.391605053,0.994268579,18.56325633,12.3402769,4.139933993,4.592849285,3.98019802
474,"Williams, Marvin",-31.94441902,514.1776867,513,493,-0.064795982,1.042956768,1.040567951,0.423935091,0.419645726,0.994268579,19.0811359,11.49115344,5.857403651,1.204056795,0.350912779
475,"Williams, Mo",-1.632258379,762.2501739,798,853,-0.00191355,0.893610989,0.935521688,0.3985932,0.378600563,0.994268579,19.52121923,12.69981179,4.210902696,4.671629543,4.896834701
476,"Williams, Reggie",-11.25684124,41.73861493,33,38,-0.296232664,1.098384603,0.868421053,0.394736842,0.458018384,0.994268579,15.52631579,12.13022996,4.573684211,2.1,1.236842105
477,"Williams, Shawne",-38.70291258,318.6504388,301,293,-0.132091852,1.08754416,1.027303754,0.406143345,0.430739189,0.994268579,18.9109215,11.90900562,5.442320819,1.164163823,0.320819113
478,"Withey, Jeff",-10.96134706,71.22326506,64,64,-0.171271048,1.112863517,1,0.5,0.556431758,0.994268579,5.4421875,12.42103462,2.98125,1.0234375,0.15625
479,"Wolters, Nate",-14.91637706,52.62837324,40,57,-0.261690826,0.923304794,0.701754386,0.350877193,0.439388292,0.994268579,9.889473684,12.14817923,3.343859649,4.394736842,4.438596491
480,"Wright, Brandan",20.87582306,416.2119915,462,361,0.057827765,1.152941805,1.279778393,0.639889197,0.575454136,0.994268579,5.470083102,12.93236804,2.798891967,1.20498615,0.434903047
481,"Wright, Dorell",-28.18289818,201.0288733,185,190,-0.148331043,1.058046702,0.973684211,0.378947368,0.421229888,0.994268579,18.19526316,12.9333613,4.646842105,1.640526316,0.868421053
482,"Wroten, Tony",-74.57502514,436.6049419,387,430,-0.173430291,1.01536033,0.9,0.406976744,0.451881539,0.994268579,12.17255814,12.84285711,3.620465116,3.47255814,3.048837209
483,"Young, James",-20.4592616,104.3436696,89,100,-0.204592616,1.043436696,0.89,0.36,0.405151083,0.994268579,19.898,13.66448739,4.83,1.271,0.57
484,"Young, Nick",-26.00466782,429.0430663,431,472,-0.055094635,0.908989547,0.913135593,0.368644068,0.375101208,0.994268579,19.02605932,12.45243719,3.491525424,3.498940678,2.849576271
485,"Young, Thaddeus",-76.90110023,932.1739454,927,948,-0.081119304,0.98330585,0.977848101,0.469409283,0.469688481,0.994268579,9.7342827,12.46738111,3.591139241,2.360232068,1.25
486,"Zeller, Cody",-76.21299496,390.9127777,343,371,-0.205425862,1.053673255,0.924528302,0.460916442,0.526288994,0.994268579,10.53045822,12.80887448,4.436118598,1.270080863,0.401617251
487,"Zeller, Tyler",-12.85676783,644.4704438,676,613,-0.02097352,1.051338408,1.102773246,0.551386623,0.525669204,0.994268579,7.074225122,13.19965316,3.193637847,1.378140294,0.401305057
