,Defender,value_added_total,shot_worth_total,PTS_total,Shot_defenses,value_added_per_shot,shot_worth_per_shot,PTS_per_shot_allowed,SHOT_RESULT,probs,mean_pps,SHOT_DIST,SHOT_CLOCK,CLOSE_DEF_DIST,TOUCH_TIME,DRIBBLES
225,"Ibaka, Serge",-199.300174,1009.301798,868,981,-0.203160218,1.028849947,0.884811417,0.408766565,0.473501763,0.994268579,11.73231397,12.4703655,4.095005097,2.594291539,1.754332314
115,"Davis, Anthony",-185.9809142,959.7324293,834,973,-0.191141741,0.986364264,0.857142857,0.401849949,0.457296075,0.994268579,11.91706064,11.88757543,4.162076053,2.743987667,1.889003083
183,"Green, Draymond",-164.4044566,1019.395107,918,1087,-0.15124605,0.937805986,0.844526219,0.391904324,0.432980296,0.994268579,12.68224471,11.84505499,3.827046918,2.997792088,2.111315547
415,"Smith, Josh",-157.8512608,1036.462075,945,1030,-0.153253651,1.006273859,0.917475728,0.419417476,0.462305208,0.994268579,12.0223301,12.58834785,4.03038835,2.583009709,1.67961165
165,"Gasol, Marc",-152.2286245,971.3709928,879,953,-0.159736227,1.019277012,0.922350472,0.445960126,0.493791448,0.994268579,9.265897167,12.32652741,3.677019937,2.572822665,1.778593914
179,"Gortat, Marcin",-145.0045328,1069.893814,993,1084,-0.133768019,0.986986913,0.916051661,0.438191882,0.474490239,0.994268579,9.877859779,12.24521533,3.778505535,2.898708487,2.085793358
136,"Duncan, Tim",-141.9195964,987.7950152,901,993,-0.142920037,0.994758323,0.90735146,0.443101712,0.485507285,0.994268579,9.035146022,12.53069549,3.66143001,2.859315206,2.131923464
210,"Hibbert, Roy",-133.9623406,762.0668947,681,790,-0.169572583,0.964641639,0.862025316,0.417721519,0.469829098,0.994268579,9.092025316,12.05988721,3.562405063,2.855822785,1.934177215
172,"Gobert, Rudy",-133.1225643,889.1048014,809,908,-0.146610754,0.97919031,0.890969163,0.433920705,0.476991141,0.994268579,8.464207048,12.01961275,3.544713656,2.864757709,2.022026432
341,"Noah, Joakim",-132.4240289,878.8942197,800,913,-0.145042748,0.962644271,0.876232202,0.411829135,0.446945845,0.994268579,13.0007667,12.2484882,4.379408543,2.652135816,1.69441402
196,"Harden, James",-124.8065136,1004.977964,937,971,-0.128534,1.034992753,0.964984552,0.423274974,0.444665678,0.994268579,15.37054583,12.51448474,4.501441813,2.317713697,1.501544799
53,"Bogut, Andrew",-122.8826024,679.3837204,602,698,-0.176049574,0.973329112,0.862464183,0.421203438,0.474851083,0.994268579,9.215759312,12.35829861,3.662750716,2.620773639,1.628939828
220,"Horford, Al",-121.3746955,891.522457,825,886,-0.136991756,1.006233021,0.931151242,0.443566591,0.478253306,0.994268579,10.62742664,12.55455636,3.980925508,2.683295711,1.804740406
264,"Korver, Kyle",-120.4277566,887.5157913,827,866,-0.139062075,1.024845025,0.954965358,0.420323326,0.446980739,0.994268579,14.6295612,13.00603853,4.091224018,1.963510393,1.250577367
87,"Chandler, Tyson",-119.4868926,1101.074179,1046,1077,-0.11094419,1.022352998,0.971216342,0.467038069,0.491921958,0.994268579,9.15821727,12.48846855,3.872516249,2.630454968,1.744661096
313,"Middleton, Khris",-116.0636118,746.601589,668,712,-0.163010691,1.048597737,0.938202247,0.400280899,0.444608643,0.994268579,16.39803371,11.95184469,4.448735955,2.248033708,1.584269663
285,"Love, Kevin",-113.4548214,1008.26944,958,996,-0.113910463,1.012318715,0.96184739,0.453815261,0.475723086,0.994268579,10.96295181,12.5811633,3.92811245,2.560441767,1.741967871
2,"Adams, Steven",-112.0087073,822.8819698,753,807,-0.138796415,1.01968026,0.933085502,0.442379182,0.483625167,0.994268579,10.6425031,12.193169,4.077695167,2.663320942,1.802973978
102,"Cousins, DeMarcus",-111.2672915,809.6555714,747,807,-0.137877685,1.003290671,0.925650558,0.444857497,0.480228996,0.994268579,9.52850062,12.85282349,3.692317224,2.562949195,1.675340768
252,"Jordan, DeAndre",-109.019733,1206.927733,1170,1209,-0.090173476,0.998285966,0.967741935,0.46898263,0.481869335,0.994268579,10.06757651,11.71747606,4.285690653,2.519189413,1.569065343
209,"Henson, John",-107.522581,586.912792,514,561,-0.191662355,1.04619036,0.916221034,0.442067736,0.502412098,0.994268579,9.113903743,12.14226092,3.525311943,2.672192513,1.877005348
8,"Aldridge, LaMarcus",-105.0866925,979.6162574,932,976,-0.107670791,1.003705182,0.954918033,0.444672131,0.470452984,0.994268579,12.56711066,12.69775448,4.552254098,3.16670082,2.358606557
166,"Gasol, Pau",-101.2624902,1096.697933,1061,1127,-0.089851367,0.97311263,0.941437445,0.462289264,0.476088722,0.994268579,8.642590949,12.68557183,3.493611358,2.725820763,1.77284827
151,"Favors, Derrick",-101.2036196,875.4796429,827,920,-0.110003934,0.951608308,0.898913043,0.423913043,0.451209879,0.994268579,10.88695652,11.99861251,3.733913043,2.774565217,1.933695652
299,"Mayo, O.J.",-97.17744295,504.7523595,440,495,-0.196318067,1.019701736,0.888888889,0.373737374,0.42461622,0.994268579,17.13131313,11.66197943,4.146060606,1.954545455,1.315151515
170,"Gibson, Taj",-93.22242071,645.9476801,596,674,-0.138312197,0.958379347,0.884272997,0.408011869,0.440573675,0.994268579,12.99050445,11.8371917,4.020474777,2.868249258,2
17,"Antetokounmpo, Giannis",-91.03600078,837.319683,801,790,-0.115235444,1.059898333,1.013924051,0.443037975,0.468011737,0.994268579,13.71139241,12.12852457,4.100379747,2.152405063,1.393670886
134,"Drummond, Andre",-89.39276945,1040.838144,1014,1017,-0.087898495,1.023439669,0.997050147,0.484759095,0.495469864,0.994268579,9.484365782,12.65430289,3.953195674,2.53972468,1.658800393
352,"Pachulia, Zaza",-88.8837644,702.7266704,652,691,-0.128630629,1.016970579,0.943560058,0.454413893,0.489835959,0.994268579,9.991606368,11.92722272,3.886107091,2.480173661,1.687409551
490,"Zeller, Tyler",-86.74513544,868.0408594,832,867,-0.100052059,1.00120053,0.959630911,0.471741638,0.489579204,0.994268579,8.630334487,12.66814281,3.479584775,2.83160323,1.910034602
477,"Williams, Marvin",-85.73001163,654.8980017,618,659,-0.130091065,0.99377542,0.937784522,0.430955994,0.450754881,0.994268579,13.31911988,12.66635976,4.297723824,2.408194234,1.528072838
10,"Allen, Tony",-83.98987025,461.8367769,404,465,-0.180623377,0.99319737,0.868817204,0.376344086,0.43154967,0.994268579,16.02989247,12.11948309,4.202795699,2.739569892,2.049462366
36,"Batum, Nicolas",-83.20636744,753.7152761,713,736,-0.11305213,1.024069669,0.96875,0.434782609,0.454872718,0.994268579,14.55230978,13.25953939,4.080434783,2.741847826,1.97826087
384,"Roberson, Andre",-81.14258674,470.6261398,412,462,-0.175633305,1.018671298,0.891774892,0.398268398,0.453652604,0.994268579,14.33939394,12.66597909,4.141991342,2.448917749,1.805194805
284,"Lopez, Robin",-79.84596718,775.01849,739,777,-0.102761863,0.997449794,0.951093951,0.462033462,0.484756153,0.994268579,9.012741313,12.50588774,3.662290862,2.749034749,1.638352638
342,"Noel, Nerlens",-79.27192469,957.0374766,934,929,-0.085330382,1.030180276,1.005382131,0.476856835,0.488905062,0.994268579,9.784068891,12.41203153,3.944025834,2.742949408,1.959095802
239,"Jerebko, Jonas",-77.90802165,482.7839599,438,487,-0.159975404,0.991342833,0.899383984,0.416837782,0.453195022,0.994268579,13.26098563,11.81473777,4.212525667,2.313963039,1.628336756
37,"Bayless, Jerryd",-76.89894218,525.4992278,480,523,-0.147034306,1.004778638,0.917782027,0.397705545,0.43248841,0.994268579,15.93269598,11.98353865,3.901720841,2.797323136,2.330783939
331,"Motiejunas, Donatas",-76.17652696,847.1460269,817,833,-0.091448412,1.016982025,0.980792317,0.460984394,0.475562215,0.994268579,11.34717887,12.30225063,4.182833133,2.812004802,1.972388956
314,"Miles, CJ",-75.15444406,524.699958,483,524,-0.143424512,1.001335798,0.921755725,0.396946565,0.425888824,0.994268579,17.14293893,12.96587975,4.494656489,2.332633588,1.58778626
363,"Perkins, Kendrick",-74.95633106,477.4689721,431,478,-0.156812408,0.998889063,0.90167364,0.433054393,0.477290036,0.994268579,10.31506276,12.23166026,3.933682008,2.948953975,2.058577406
427,"Sullinger, Jared",-74.55999027,611.6073065,577,610,-0.122229492,1.002634929,0.945901639,0.454098361,0.477785043,0.994268579,10.70131148,12.25218623,3.959672131,2.756885246,2.086885246
251,"Jones, Terrence",-74.33726159,430.4426762,383,429,-0.17328033,1.003362882,0.892773893,0.414918415,0.45774426,0.994268579,11.68181818,12.18203364,4.083216783,2.964568765,2.095571096
364,"Pierce, Paul",-74.01320065,645.9721214,609,645,-0.114749148,1.001507165,0.944186047,0.407751938,0.432162695,0.994268579,16.05891473,12.51283693,4.387751938,2.677054264,2.037209302
283,"Lopez, Brook",-73.86755944,957.2551506,936,968,-0.076309462,0.988899949,0.966942149,0.469008264,0.476202826,0.994268579,9.952479339,12.09335194,3.85,2.623243802,1.686983471
187,"Green, Jeff",-73.66442167,831.4755141,805,805,-0.091508598,1.032888837,1,0.437267081,0.452339808,0.994268579,15.4284472,12.20145621,4.589565217,2.458385093,1.731677019
321,"Millsap, Paul",-73.51840312,1081.416289,1073,1019,-0.072147599,1.061252492,1.052993131,0.477919529,0.481741076,0.994268579,11.95819431,12.7784415,4.012561335,2.290677134,1.389597645
456,"Wade, Dwyane",-73.46922346,465.6011873,424,451,-0.162902934,1.032375138,0.940133038,0.401330377,0.438598379,0.994268579,16.12838137,11.85772977,4.388026608,2.084035477,1.172949002
350,"Olynyk, Kelly",-73.11268386,658.810536,632,652,-0.112136018,1.010445607,0.969325153,0.455521472,0.473095009,0.994268579,11.50628834,12.06109448,3.922699387,2.560122699,1.803680982
198,"Harris, Devin",-71.06704677,504.2093915,465,507,-0.14017169,0.994495841,0.917159763,0.398422091,0.427519468,0.994268579,16.34773176,12.31834976,4.288954635,2.883037475,2.32938856
300,"Mbah a Moute, Luc",-70.43641647,686.5989332,656,699,-0.100767406,0.982258846,0.938483548,0.430615165,0.448586279,0.994268579,12.77725322,12.34496217,3.955937053,2.565236052,1.708154506
292,"Marion, Shawn",-69.98035502,339.0034436,290,330,-0.212061682,1.027283162,0.878787879,0.384848485,0.446337767,0.994268579,15.69242424,12.38358285,4.789090909,2.469090909,1.766666667
322,"Mirotic, Nikola",-69.09215151,623.3830949,599,631,-0.109496278,0.987928835,0.949286846,0.440570523,0.455658479,0.994268579,12.32329635,12.12111891,3.986212361,3.03296355,2.3977813
182,"Green, Danny",-68.34209162,819.7413928,799,826,-0.08273861,0.992422994,0.967312349,0.428571429,0.443037305,0.994268579,14.23946731,13.10319547,3.866949153,2.602421308,2.054479419
469,"Whiteside, Hassan",-68.2395593,434.3483173,401,419,-0.16286291,1.036630829,0.957040573,0.470167064,0.509328283,0.994268579,7.402625298,12.92146767,3.394749403,2.649880668,1.937947494
368,"Porter, Otto",-67.84828575,412.3431616,377,420,-0.161543537,0.981769432,0.897619048,0.392857143,0.424781313,0.994268579,15.79880952,11.83994594,4.347857143,2.488571429,1.847619048
86,"Chalmers, Mario",-67.71120563,635.4539566,604,637,-0.106297026,0.99757293,0.948194662,0.411302983,0.429866618,0.994268579,16.47708006,12.1845639,4.416640502,2.665620094,2.023547881
278,"Leonard, Meyers",-67.31352498,411.9041225,371,408,-0.16498413,1.009568928,0.909313725,0.424019608,0.46474161,0.994268579,12.2,12.97715642,4.161519608,2.608578431,1.74754902
276,"Len, Alex",-66.9771029,712.1425622,690,725,-0.092382211,0.982265603,0.951724138,0.463448276,0.480437268,0.994268579,8.209103448,12.57412575,3.403862069,2.943310345,1.99862069
441,"Thompson, Tristan",-66.47181337,899.9942949,888,895,-0.074270183,1.005580218,0.992178771,0.469273743,0.472154575,0.994268579,10.95340782,11.84180834,3.87877095,2.891173184,2.117318436
32,"Barnes, Matt",-66.32605099,831.6632169,816,816,-0.081281925,1.019195119,1,0.427696078,0.433778393,0.994268579,16.1817402,11.9820862,4.498284314,2.344852941,1.509803922
290,"Mahinmi, Ian",-65.47921206,503.2610466,471,509,-0.128642853,0.988725042,0.925343811,0.447937132,0.475636206,0.994268579,9.364440079,12.12096709,3.493320236,2.993320236,2.172888016
429,"Teague, Jeff",-65.36655855,585.6471649,558,590,-0.110790777,0.992622313,0.945762712,0.398305085,0.416616296,0.994268579,18.11152542,12.60296961,4.717966102,2.920847458,2.389830508
88,"Chandler, Wilson",-64.95270762,865.0583356,851,851,-0.076325156,1.016519783,1,0.438307873,0.441996334,0.994268579,14.86627497,12.42057388,4.147121034,2.506815511,1.672150411
233,"James, LeBron",-64.53501549,558.5247253,527,536,-0.120401148,1.042023741,0.983208955,0.429104478,0.450692227,0.994268579,15.3738806,12.79967073,4.858395522,2.20391791,1.501865672
401,"Scott, Mike",-64.17008454,363.2658755,327,351,-0.182820754,1.034945514,0.931623932,0.421652422,0.456774783,0.994268579,14.41623932,12.38823284,4.816524217,2.137606838,1.356125356
55,"Booker, Trevor",-64.12102457,517.9873597,491,546,-0.117437774,0.948694798,0.899267399,0.401098901,0.422557455,0.994268579,14.55091575,11.92429891,4.278754579,2.469413919,1.663003663
0,"Acy, Quincy",-63.56393605,412.036436,377,421,-0.150983221,0.978708874,0.895486936,0.420427553,0.447334975,0.994268579,12.99049881,12.59439708,3.839667458,2.211638955,1.237529691
450,"Valanciunas, Jonas",-62.95735661,864.2619266,852,853,-0.073806983,1.013202728,0.998827667,0.484173505,0.490495323,0.994268579,8.92028136,13.18930811,3.882297773,2.345955451,1.519343494
282,"Livingston, Shaun",-62.81950623,481.1726182,453,504,-0.124641877,0.954707576,0.898809524,0.390873016,0.410111758,0.994268579,16.23630952,12.5837668,4.287896825,3.149603175,2.589285714
358,"Patterson, Patrick",-62.64197834,796.060999,794,775,-0.080828359,1.027175483,1.024516129,0.464516129,0.465745918,0.994268579,12.37935484,12.04027538,4.280903226,2.229935484,1.425806452
488,"Young, Thaddeus",-62.37627244,886.8555065,878,851,-0.073297617,1.04213338,1.03172738,0.474735605,0.472526824,0.994268579,13.16028202,12.69179608,4.436192714,2.394124559,1.575793184
243,"Johnson, James",-62.36421588,532.7353665,504,534,-0.116786921,0.997631772,0.943820225,0.415730337,0.438561014,0.994268579,14.73820225,12.54893933,4.307865169,2.686891386,1.874531835
328,"Morris, Marcus",-61.84888762,701.2034429,686,697,-0.08873585,1.006030765,0.984218077,0.43902439,0.44619384,0.994268579,13.98134864,12.38626404,3.960401722,2.622812052,1.824964132
265,"Koufos, Kosta",-61.48097008,506.8888678,475,510,-0.120550922,0.993899741,0.931372549,0.449019608,0.477264104,0.994268579,9.507254902,11.62248472,3.478431373,2.817843137,1.905882353
286,"Lowry, Kyle",-61.41006671,727.9161716,710,730,-0.084123379,0.997145441,0.97260274,0.432876712,0.432987314,0.994268579,15.72013699,13.34740873,4.202054795,2.701643836,2.105479452
346,"Nurkic, Jusuf",-61.21194832,522.0773403,487,515,-0.118858152,1.013742408,0.945631068,0.454368932,0.48854638,0.994268579,8.77184466,12.03666474,3.597281553,3.042330097,2.112621359
329,"Morris, Markieff",-61.12055975,888.4104069,880,888,-0.068829459,1.00046217,0.990990991,0.462837838,0.465089527,0.994268579,11.84943694,12.69496459,3.831306306,2.427927928,1.487612613
203,"Hawes, Spencer",-60.60699861,565.0909531,540,562,-0.107841635,1.005499917,0.960854093,0.450177936,0.465748428,0.994268579,11.95053381,12.19949905,4.402669039,2.484519573,1.615658363
438,"Thompson, Hollis",-60.47624647,534.8839951,507,534,-0.113251398,1.001655422,0.949438202,0.411985019,0.43114919,0.994268579,16.16985019,12.83067854,4.64588015,2.367228464,1.720973783
308,"McLemore, Ben",-60.37422217,922.8325505,909,913,-0.066127297,1.010769497,0.995618839,0.43592552,0.43641885,0.994268579,15.64994524,13.03567607,4.396495071,2.489485214,1.78094195
141,"Ellis, Monta",-59.86989661,858.1531887,845,842,-0.07110439,1.01918431,1.003562945,0.420427553,0.425132178,0.994268579,17.24287411,12.65790331,4.507482185,2.458669834,1.705463183
167,"Gay, Rudy",-59.64677935,801.2668511,787,783,-0.076177241,1.023329312,1.005108557,0.434227331,0.437519619,0.994268579,15.67369093,12.78820521,4.701660281,2.331162197,1.535121328
433,"Terry, Jason",-57.71973079,479.7199201,449,487,-0.118521008,0.985051171,0.921971253,0.402464066,0.423963111,0.994268579,16.55420945,12.35210944,4.811704312,2.993223819,2.377823409
46,"Biyombo, Bismack",-57.42324058,450.663354,418,465,-0.12349084,0.969168503,0.898924731,0.440860215,0.473370384,0.994268579,9.030107527,11.57792173,3.480860215,2.684946237,1.855913978
123,"Deng, Luol",-57.33905315,876.8717788,863,867,-0.066135009,1.011386135,0.99538639,0.437139562,0.440170819,0.994268579,15.34682814,12.55382607,4.209573241,2.372433679,1.641291811
212,"Hill, George",-57.32949792,442.1730774,414,458,-0.125173576,0.9654434,0.903930131,0.397379913,0.424997753,0.994268579,15.480131,13.35615386,3.894104803,3.75371179,3.331877729
403,"Seraphin, Kevin",-56.88071138,478.4588665,456,493,-0.115376697,0.9705048,0.92494929,0.442190669,0.465742778,0.994268579,9.464503043,12.1038079,3.37525355,3.004259635,2.194726166
304,"McDaniels, KJ",-56.41915121,450.1343745,414,434,-0.129998044,1.037175978,0.953917051,0.419354839,0.454751744,0.994268579,14.01290323,12.59662702,4.415668203,1.93640553,1.179723502
417,"Snell, Tony",-56.09656426,437.9806603,413,449,-0.124936669,0.975458041,0.919821826,0.409799555,0.429912948,0.994268579,15.57639198,12.98176708,4.10467706,2.572828508,1.893095768
60,"Brewer, Corey",-55.91011681,634.6440789,613,625,-0.089456187,1.015430526,0.9808,0.4256,0.435803335,0.994268579,16.4264,12.42305744,4.75184,2.68128,1.8832
320,"Millsap, Elijah",-55.27724789,275.6015548,240,281,-0.196716185,0.980788451,0.854092527,0.377224199,0.426298043,0.994268579,15.80640569,12.42858035,3.962989324,2.013879004,1.725978648
34,"Barton, Will",-54.85328986,265.7965636,227,263,-0.208567642,1.010633322,0.863117871,0.372623574,0.439154768,0.994268579,15.01520913,12.72446237,4.019771863,2.29391635,1.501901141
221,"Howard, Dwight",-54.41127419,453.0513769,427,439,-0.123943677,1.032007692,0.972665148,0.4738041,0.501816784,0.994268579,9.419134396,12.53847934,4.289749431,2.493849658,1.69476082
9,"Allen, Lavoy",-54.30595217,420.8905786,395,427,-0.127180216,0.985692222,0.925058548,0.449648712,0.473043652,0.994268579,10.21498829,12.50849188,3.543559719,2.718501171,1.894613583
137,"Dunleavy, Mike",-53.69893946,504.9704583,486,519,-0.103466165,0.972968128,0.936416185,0.414258189,0.428962654,0.994268579,15.71117534,12.79572705,4.502890173,2.260115607,1.431599229
110,"Curry, Stephen",-53.48125003,735.2352605,725,778,-0.068741967,0.945032468,0.931876607,0.406169666,0.409877258,0.994268579,16.32583548,12.03415132,4.2281491,3.826735219,3.323907455
226,"Iguodala, Andre",-52.90450614,544.7474694,527,555,-0.095323434,0.981526972,0.94954955,0.414414414,0.426428444,0.994268579,16.57027027,12.53346806,4.802702703,2.630630631,1.854054054
162,"Galloway, Langston",-52.68609467,448.546778,421,469,-0.112337089,0.956389719,0.897654584,0.396588486,0.420412675,0.994268579,15.28017058,12.65325649,3.834541578,3.162260128,2.560767591
419,"Splitter, Tiago",-52.38540659,431.8154078,405,446,-0.117456069,0.968195982,0.908071749,0.434977578,0.462000238,0.994268579,10.60807175,11.6262859,3.594170404,2.797533632,2.029147982
297,"Matthews, Wesley",-52.2522061,538.7485229,518,558,-0.093641946,0.965499145,0.928315412,0.405017921,0.418522981,0.994268579,16.42795699,12.98981352,4.270250896,2.702150538,1.976702509
121,"Dedmon, Dewayne",-51.52374566,309.1465006,278,315,-0.163567447,0.981417462,0.882539683,0.419047619,0.467372241,0.994268579,10.24095238,11.86408694,3.833333333,2.501904762,1.619047619
413,"Smith, J.R.",-51.50652886,568.2302046,550,555,-0.092804557,1.023838206,0.990990991,0.421621622,0.4311688,0.994268579,17.18594595,12.98625176,4.995135135,2.071351351,1.288288288
181,"Grant, Jerami",-51.40204765,472.9440357,453,469,-0.109599249,1.008409458,0.965884861,0.424307036,0.448403968,0.994268579,13.93923241,12.15700666,4.308315565,2.724307036,2.117270789
258,"Kelly, Ryan",-51.32774883,445.1990814,420,445,-0.115343256,1.000447374,0.943820225,0.417977528,0.431602881,0.994268579,15.56449438,12.42943049,4.956404494,2.370561798,1.492134831
50,"Bledsoe, Eric",-51.31382154,974.1903942,977,989,-0.051884552,0.985025677,0.987866532,0.432760364,0.431804105,0.994268579,15.37826087,12.62190564,3.990091001,3.294539939,2.762386249
14,"Anderson, Alan",-51.21958614,529.1408682,511,526,-0.097375639,1.005971232,0.97148289,0.431558935,0.439390269,0.994268579,15.8891635,12.25401311,4.488403042,2.303992395,1.602661597
303,"McCollum, CJ",-50.05591696,332.5749668,305,359,-0.139431524,0.926392665,0.849582173,0.376044568,0.410816967,0.994268579,15.36406685,12.34262063,3.413091922,3.079108635,2.51810585
38,"Baynes, Aron",-49.39756511,427.0450695,406,458,-0.107854946,0.932412816,0.886462882,0.43231441,0.452821375,0.994268579,9.287772926,11.92635862,3.341703057,3.072707424,2.189956332
487,"Young, Nick",-48.84835044,248.3827881,214,248,-0.196969155,1.0015435,0.862903226,0.375,0.427791185,0.994268579,16.51129032,12.00588563,4.15766129,2.665322581,1.907258065
20,"Antic, Pero",-48.67793525,340.8427596,316,345,-0.141095464,0.987950028,0.915942029,0.443478261,0.472613378,0.994268579,10.12927536,12.48381433,3.700869565,2.639710145,1.724637681
244,"Johnson, Joe",-48.26617562,784.8741349,789,747,-0.064613354,1.050701653,1.0562249,0.463186078,0.450041628,0.994268579,16.31726908,12.3788082,4.882463186,2.112985274,1.299866131
489,"Zeller, Cody",-48.04677898,584.0978665,570,601,-0.079944724,0.97187665,0.948419301,0.4359401,0.449297409,0.994268579,12.20665557,12.10842709,3.967886855,2.412645591,1.382695507
201,"Harris, Tobias",-47.90040638,742.1095579,743,742,-0.064555804,1.000147652,1.001347709,0.446091644,0.443588767,0.994268579,14.77762803,11.66727216,4.426145553,2.367654987,1.544474394
400,"Scola, Luis",-47.70701457,516.078369,507,527,-0.090525644,0.979275842,0.962049336,0.451612903,0.453697484,0.994268579,12.49278937,12.38787647,3.939278937,2.351612903,1.563567362
444,"Tucker, PJ",-47.39055857,753.4723667,748,751,-0.063103274,1.003292099,0.996005326,0.444740346,0.440938774,0.994268579,15.48921438,12.33123787,4.264314248,2.772703063,1.933422104
131,"Dragic, Goran",-47.24772933,733.5351218,730,740,-0.063848283,0.991263678,0.986486486,0.436486486,0.435350391,0.994268579,15.01256757,12.91388142,3.95527027,2.792432432,2.210810811
124,"Diaw, Boris",-46.8331815,818.4963825,824,808,-0.057961858,1.012990572,1.01980198,0.474009901,0.467659483,0.994268579,12.38329208,12.02932644,3.933044554,2.90049505,2.215346535
54,"Bonner, Matt",-46.76191275,358.4603606,339,376,-0.124366789,0.953352023,0.901595745,0.420212766,0.446041655,0.994268579,12.19521277,13.03034813,3.590691489,2.417819149,1.670212766
56,"Boozer, Carlos",-46.17782008,553.6501685,543,545,-0.084729945,1.015871869,0.996330275,0.455045872,0.460825862,0.994268579,13.56073394,12.45708107,4.906422018,2.256880734,1.306422018
268,"Lamb, Jeremy",-45.82274973,223.5206713,193,221,-0.207342759,1.011405752,0.873303167,0.384615385,0.431095386,0.994268579,16.71131222,12.21355183,4.556108597,2.279638009,1.57918552
189,"Griffin, Blake",-45.76073155,868.9527507,874,866,-0.052841491,1.003409643,1.009237875,0.458429561,0.453759535,0.994268579,13.52621247,11.84539656,4.379445727,2.221939954,1.294457275
106,"Crowder, Jae",-45.49585457,573.6441143,563,566,-0.080381368,1.013505502,0.994699647,0.432862191,0.435912907,0.994268579,15.45865724,12.13747508,4.231625442,2.396289753,1.659010601
483,"Wright, Brandan",-45.35852268,613.6542579,609,609,-0.074480333,1.00764246,1,0.471264368,0.481431295,0.994268579,9.59589491,12.42456426,3.69408867,2.839244663,2.039408867
298,"Maxiell, Jason",-45.2975421,314.0165934,290,324,-0.139807229,0.969187017,0.895061728,0.422839506,0.459147961,0.994268579,11.13734568,12.45645812,4.172222222,2.614814815,1.805555556
397,"Sampson, JaKarr",-44.33032196,444.820448,431,435,-0.101908786,1.022575743,0.990804598,0.436781609,0.448300819,0.994268579,14.53632184,13.04489323,4.322068966,2.635632184,2.004597701
315,"Miller, Andre",-44.01688106,407.453947,391,412,-0.10683709,0.988965891,0.949029126,0.395631068,0.412108041,0.994268579,17.94441748,13.09239,5.015776699,3.36092233,2.859223301
414,"Smith, Jason",-43.97859495,679.0456812,679,669,-0.06573781,1.015015966,1.014947683,0.457399103,0.460082463,0.994268579,13.24304933,12.40361882,4.560089686,2.244394619,1.330343797
173,"Gooden, Drew",-43.91550956,310.8301533,287,312,-0.140754838,0.996250491,0.919871795,0.416666667,0.446293499,0.994268579,14.63942308,12.15013196,4.500320513,2.47275641,1.753205128
241,"Johnson, Amir",-43.9024638,812.6097245,818,819,-0.053604962,0.992197466,0.998778999,0.468864469,0.466732466,0.994268579,10.51367521,12.6714388,3.74957265,2.397313797,1.543345543
269,"Landry, Carl",-43.53104024,388.979195,370,407,-0.106955873,0.955722838,0.909090909,0.42014742,0.440656586,0.994268579,12.49041769,11.83804015,4.093120393,2.871498771,1.977886978
111,"Dalembert, Samuel",-43.45104909,252.8572987,222,251,-0.173111749,1.007399596,0.884462151,0.426294821,0.492115649,0.994268579,8.33625498,13.15448117,3.7,2.652988048,1.669322709
405,"Shumpert, Iman",-43.4435242,497.5092084,482,496,-0.08758775,1.003042759,0.971774194,0.421370968,0.430945323,0.994268579,16.26834677,12.41545807,4.683669355,2.538709677,1.784274194
440,"Thompson, Klay",-43.13789749,738.6406372,739,769,-0.056096096,0.960520985,0.960988296,0.420026008,0.418660949,0.994268579,15.98543563,12.29435583,4.357997399,2.807542263,2.087126138
447,"Turner, Evan",-42.8760578,786.3865419,792,803,-0.053394842,0.979310762,0.98630137,0.442092154,0.43526257,0.994268579,14.36201743,12.80070636,3.718306351,2.473349938,1.894146949
457,"Waiters, Dion",-42.8416745,707.7662599,706,699,-0.061289949,1.012541144,1.010014306,0.444921316,0.440743297,0.994268579,15.16194564,12.86949181,4.244206009,2.635622318,1.942775393
4,"Afflalo, Arron",-42.42577361,697.8585197,691,723,-0.058680185,0.965226168,0.955739972,0.42461964,0.422815649,0.994268579,16.46984786,12.83963291,4.230428769,2.6395574,1.901798064
82,"Carroll, DeMarre",-41.89374268,792.544463,800,781,-0.053641156,1.014781643,1.024327785,0.453265045,0.437934687,0.994268579,15.80345711,12.79882282,4.159667093,2.05006402,1.312419974
5,"Ajinca, Alexis",-41.71614888,432.5610925,418,434,-0.096120159,0.996684545,0.963133641,0.470046083,0.482573042,0.994268579,8.64562212,11.77055527,3.761751152,2.978341014,2.179723502
22,"Arthur, Darrell",-41.58403878,414.5515971,400,419,-0.099245916,0.989383287,0.954653938,0.429594272,0.450087469,0.994268579,13.02338902,11.45980218,4.166587112,3.135083532,2.374701671
188,"Green, Willie",-41.51540289,286.918353,262,290,-0.143156562,0.989373631,0.903448276,0.389655172,0.422558813,0.994268579,16.74448276,12.18131842,4.314827586,3.048965517,2.503448276
205,"Hayward, Gordon",-41.50900874,614.8766048,610,602,-0.068951842,1.021389709,1.013289037,0.446843854,0.448738091,0.994268579,14.74451827,12.76564529,4.372757475,2.250332226,1.480066445
332,"Mozgov, Timofey",-41.39534875,1041.829383,1056,1036,-0.0399569,1.005626817,1.019305019,0.486486486,0.482521149,0.994268579,10.0726834,12.53157666,4.033397683,2.771621622,1.824324324
159,"Freeland, Joel",-41.22593422,262.312678,239,270,-0.152688645,0.971528437,0.885185185,0.425925926,0.464744599,0.994268579,9.587777778,12.40291625,3.125185185,3.111481481,2.166666667
84,"Carter-Williams, Michael",-41.12972972,611.7427828,600,592,-0.069475895,1.033349295,1.013513514,0.444256757,0.451027597,0.994268579,15.09712838,12.60317963,4.515202703,2.817567568,2.400337838
77,"Calathes, Nick",-40.71794505,218.4631314,190,241,-0.168954129,0.906486022,0.788381743,0.356846473,0.399720671,0.994268579,16.52572614,12.04699599,3.982987552,4.158506224,3.975103734
193,"Hamilton, Justin",-40.15471872,348.1585333,326,336,-0.119508091,1.036186111,0.970238095,0.470238095,0.495505311,0.994268579,8.588988095,11.84893956,3.502083333,2.691369048,1.741071429
362,"Pekovic, Nikola",-39.84779034,319.4725452,300,313,-0.127309234,1.020679058,0.958466454,0.460063898,0.488695017,0.994268579,9.994249201,12.67921711,4.231948882,2.833226837,1.932907348
116,"Davis, Ed",-39.65213198,792.4866586,804,768,-0.05163038,1.03188367,1.046875,0.483072917,0.477051245,0.994268579,11.47617188,12.39046076,4.264192708,2.294791667,1.4609375
263,"Knight, Brandon",-39.50193206,574.8837746,571,573,-0.068938799,1.003287565,0.996509599,0.429319372,0.431243725,0.994268579,16.53525305,12.10393031,4.327748691,2.757417103,2.211169284
459,"Walker, Kemba",-39.40977858,769.2426139,774,821,-0.048002166,0.936958117,0.942752741,0.414129111,0.410286296,0.994268579,16.19610231,12.21877703,3.890742996,3.348112058,2.869671133
230,"Jack, Jarrett",-39.3683806,780.9237873,786,784,-0.050214771,0.996076259,1.00255102,0.427295918,0.425440543,0.994268579,16.72512755,12.66622253,4.712372449,3.189540816,2.793367347
277,"Leonard, Kawhi",-38.71345614,585.8922463,584,586,-0.066063918,0.99981612,0.996587031,0.441979522,0.44492836,0.994268579,14.27406143,12.36718384,4.19334471,2.557167235,1.911262799
168,"Gee, Alonzo",-38.06193749,171.8982492,143,173,-0.220011199,0.993631498,0.826589595,0.358381503,0.425900399,0.994268579,16.75433526,12.29960162,4.510404624,2.821965318,2.260115607
255,"Kaman, Chris",-38.04157109,619.4351792,622,622,-0.061160082,0.995876494,1,0.487138264,0.485347324,0.994268579,8.666398714,12.63963761,3.374919614,2.84437299,1.844051447
476,"Williams, Lou",-37.59699909,538.3040475,537,542,-0.069367157,0.993180899,0.990774908,0.437269373,0.423612829,0.994268579,16.71697417,12.59835959,4.341512915,2.869188192,2.394833948
224,"Humphries, Kris",-37.37415027,505.4789625,506,516,-0.072430524,0.979610392,0.980620155,0.449612403,0.45359142,0.994268579,12.4125969,12.04608492,3.874031008,3,2.34496124
463,"Watson, CJ",-37.26204621,416.8905507,405,435,-0.085659876,0.958369082,0.931034483,0.416091954,0.420744818,0.994268579,16.12896552,12.84211142,4.142068966,3.99908046,3.818390805
279,"Leuer, Jon",-36.88789427,300.2538447,288,305,-0.120943916,0.984438835,0.944262295,0.442622951,0.455963425,0.994268579,11.96655738,11.8799421,3.824918033,2.667868852,1.839344262
58,"Bradley, Avery",-36.52153278,658.5071894,656,648,-0.05636039,1.016214798,1.012345679,0.442901235,0.440436113,0.994268579,16.35740741,12.55266363,4.116820988,2.574228395,2.114197531
353,"Papanikolaou, Kostas",-36.47607051,305.0060497,288,302,-0.12078169,1.009953807,0.953642384,0.447019868,0.465719199,0.994268579,11.77019868,13.07479267,3.484768212,2.883443709,2.175496689
242,"Johnson, Chris",-36.29585917,173.4741352,148,170,-0.213505054,1.02043609,0.870588235,0.370588235,0.440168852,0.994268579,15.42352941,12.15377159,4.368823529,2.305882353,1.782352941
324,"Monroe, Greg",-35.98870122,844.1243202,854,843,-0.042691223,1.001333713,1.013048636,0.485172005,0.476051801,0.994268579,10.86061684,11.96397219,3.956939502,2.377105575,1.505338078
117,"Davis, Glen",-35.98507153,331.556731,323,337,-0.106780628,0.983847866,0.958456973,0.456973294,0.465861941,0.994268579,10.89851632,11.77415403,3.610385757,2.152225519,1.332344214
254,"Joseph, Cory",-35.75126482,487.885054,481,521,-0.06862047,0.936439643,0.923224568,0.418426104,0.417460038,0.994268579,15.09673704,12.23235046,3.466602687,3.602303263,3.276391555
374,"Prince, Tayshaun",-35.58466412,414.0300614,407,419,-0.084927599,0.988138571,0.971360382,0.439140811,0.446463318,0.994268579,13.85656325,11.56126427,3.875656325,2.91097852,2.269689737
127,"Dorsey, Joey",-35.49561071,384.8950033,370,390,-0.091014386,0.986910265,0.948717949,0.451282051,0.470586989,0.994268579,10.56615385,12.22226241,3.757179487,2.841794872,1.838461538
425,"Stoudemire, Amar'e",-35.39897893,474.6501376,464,476,-0.074367603,0.997164155,0.974789916,0.468487395,0.47980479,0.994268579,9.534243697,12.2855483,3.710294118,2.32710084,1.447478992
41,"Beasley, Michael",-35.30800366,202.8550623,182,196,-0.180142876,1.034974808,0.928571429,0.428571429,0.464498545,0.994268579,12.9244898,12.31756986,4.057653061,2.425510204,1.566326531
435,"Thomas, Lance",-35.29711716,311.8497621,299,302,-0.116877871,1.032615106,0.990066225,0.437086093,0.456486099,0.994268579,14.71192053,13.05822803,4.416225166,2.179470199,1.413907285
235,"Jefferson, Cory",-35.10092313,214.4638729,198,211,-0.166355086,1.016416459,0.938388626,0.421800948,0.461385069,0.994268579,12.42890995,12.08030186,4.327014218,2.463033175,1.582938389
138,"Durant, Kevin",-34.7702173,249.1351148,230,240,-0.144875905,1.038062979,0.958333333,0.4,0.437989965,0.994268579,15.98166667,12.04622898,4.992916667,2.248333333,1.4375
398,"Sanders, Larry",-34.30011269,264.5838373,246,257,-0.133463473,1.029509095,0.957198444,0.463035019,0.498096117,0.994268579,9.427626459,13.00676517,3.677821012,2.325680934,1.392996109
214,"Hill, Solomon",-34.1731453,774.8893183,787,795,-0.042985088,0.974703545,0.989937107,0.437735849,0.4314246,0.994268579,15.36402516,12.8603012,3.873962264,2.810943396,2.147169811
228,"Ingles, Joe",-34.10072223,439.3602829,437,440,-0.077501641,0.998546098,0.993181818,0.429545455,0.433613698,0.994268579,15.91795455,12.54462182,4.379545455,2.494545455,1.818181818
385,"Roberts, Brian",-33.71416279,413.1696199,400,436,-0.077326061,0.947636743,0.917431193,0.401376147,0.415173698,0.994268579,16.10848624,11.98780353,4.12293578,3.688990826,3.245412844
97,"Collison, Nick",-33.33895503,456.5622257,457,455,-0.073272429,1.003433463,1.004395604,0.468131868,0.460300391,0.994268579,12.47604396,12.35765627,4.322417582,2.382637363,1.430769231
378,"Randolph, Zach",-33.26230675,822.3875912,842,814,-0.040862785,1.010304166,1.034398034,0.484029484,0.469756028,0.994268579,12.17088452,12.31909954,4.008476658,2.336486486,1.525798526
73,"Butler, Rasual",-32.86716053,549.7401079,553,556,-0.059113598,0.988741201,0.994604317,0.440647482,0.435022519,0.994268579,15.47607914,12.84101772,4.173381295,2.829676259,2.194244604
11,"Aminu, Al-Farouq",-32.69336128,523.2166238,525,521,-0.062751173,1.004254556,1.007677543,0.441458733,0.442702784,0.994268579,14.3925144,12.20549359,4.192514395,2.342034549,1.518234165
103,"Covington, Robert",-32.64153787,616.0939381,618,587,-0.05560739,1.049563779,1.052810903,0.454855196,0.455660401,0.994268579,14.68926746,13.08932041,4.727086882,2.061158433,1.398637138
19,"Anthony, Joel",-32.55772561,211.3489135,196,211,-0.154302017,1.001653619,0.928909953,0.44549763,0.481718443,0.994268579,9.295734597,12.08121386,3.737914692,2.757345972,2.037914692
227,"Ilyasova, Ersan",-32.23526796,488.9900799,485,459,-0.070229342,1.065337865,1.05664488,0.474945534,0.488384462,0.994268579,11.76252723,12.41477085,4.237690632,2.345533769,1.566448802
387,"Robinson, Nate",-32.01836358,157.4450337,135,166,-0.192881708,0.948464058,0.813253012,0.337349398,0.399511227,0.994268579,17.61746988,11.12885487,3.961445783,2.980120482,2.295180723
348,"O'Quinn, Kyle",-31.97220917,313.4281777,301,315,-0.101499077,0.995010088,0.955555556,0.453968254,0.47207227,0.994268579,10.80634921,12.75882082,4.001904762,2.758730159,1.844444444
430,"Teletovic, Mirza",-31.57009738,337.9751019,332,337,-0.093679814,1.002893477,0.985163205,0.456973294,0.465898513,0.994268579,12.04391691,12.39225492,3.946587537,2.627893175,1.78041543
408,"Singler, Kyle",-31.54056989,677.110384,686,669,-0.047145844,1.012123145,1.025411061,0.454409567,0.446965485,0.994268579,14.14947683,12.82703268,4.010313901,2.271599402,1.455904335
339,Nene,-31.44688993,574.6768132,575,584,-0.053847414,0.984035639,0.984589041,0.460616438,0.455760114,0.994268579,12.8619863,11.55901055,4.22380137,2.975856164,2.145547945
359,"Paul, Chris",-31.10330848,752.7794585,760,762,-0.04081799,0.987899552,0.997375328,0.422572178,0.421205544,0.994268579,16.99396325,12.36806389,4.451181102,2.830708661,2.261154856
388,"Robinson, Thomas",-30.8971318,279.5228343,268,277,-0.111541992,1.009107705,0.967509025,0.451263538,0.468436367,0.994268579,11.69819495,12.91005366,4.213718412,3.401083032,2.750902527
246,"Johnson, Tyler",-30.32118936,221.7485975,206,226,-0.134164555,0.981188485,0.911504425,0.398230088,0.423205736,0.994268579,15.87699115,12.45721717,3.955752212,3.25840708,2.787610619
105,"Crawford, Jamal",-30.28317801,378.7904945,377,370,-0.081846427,1.023758093,1.018918919,0.42972973,0.427125339,0.994268579,18.06810811,12.1952055,5.158648649,2.256756757,1.662162162
175,"Gordon, Aaron",-29.52635358,273.6764915,261,275,-0.107368558,0.995187242,0.949090909,0.414545455,0.437641109,0.994268579,14.51054545,12.08104504,4.124727273,2.659272727,1.858181818
402,"Sefolosha, Thabo",-29.37155991,288.0369105,274,298,-0.098562282,0.966566814,0.919463087,0.375838926,0.40372318,0.994268579,17.79127517,11.29804008,4.420469799,2.459731544,1.704697987
122,"Dellavedova, Matthew",-29.34839299,471.7314721,476,493,-0.059530209,0.95685897,0.965517241,0.427991886,0.41442792,0.994268579,16.42373225,12.50480163,4.255172414,3.585192698,3.219066937
231,"Jackson, Reggie",-29.29159903,790.4402779,806,777,-0.037698326,1.017297655,1.037323037,0.45045045,0.439587434,0.994268579,15.6960103,12.48811738,4.441827542,3.002059202,2.382239382
125,"Dieng, Gorgui",-29.27048324,966.8770623,1000,924,-0.031678012,1.046403747,1.082251082,0.523809524,0.504118922,0.994268579,8.978679654,12.77177869,3.742099567,2.583333333,1.747835498
390,"Rose, Derrick",-29.22378548,482.3374485,482,515,-0.056745215,0.93657757,0.93592233,0.427184466,0.423142229,0.994268579,14.53941748,13.36477599,3.779029126,3.870097087,3.52815534
333,"Muhammad, Shabazz",-28.92200222,276.7670659,263,267,-0.108322106,1.036580771,0.985018727,0.423220974,0.444104056,0.994268579,16.60149813,12.76269156,4.647940075,2.370786517,1.711610487
44,"Beverley, Patrick",-28.65707019,517.1617328,514,515,-0.055644796,1.00419754,0.998058252,0.448543689,0.445820784,0.994268579,14.95941748,13.56412332,4.27223301,2.79961165,2.141747573
379,"Redick, JJ",-27.85174421,732.4394753,747,758,-0.036743726,0.966278991,0.985488127,0.432717678,0.424438779,0.994268579,15.80817942,12.11839205,4.147229551,2.529683377,1.705804749
164,"Garnett, Kevin",-27.70311533,273.146173,265,263,-0.105335039,1.038578604,1.007604563,0.482889734,0.492885145,0.994268579,10.68098859,12.67316034,4.253612167,2.409505703,1.536121673
57,"Bosh, Chris",-27.54043602,568.0996007,572,563,-0.048917293,1.009057905,1.01598579,0.470692718,0.469823069,0.994268579,12.05435169,12.00041492,4.077087034,2.362877442,1.454706927
275,"Lee, David",-27.38368551,379.9873886,379,376,-0.072828951,1.010604757,1.007978723,0.470744681,0.473567412,0.994268579,11.30478723,12.39636596,3.882712766,2.888031915,2.111702128
104,"Crabbe, Allen",-27.23559597,189.9818162,178,202,-0.134829683,0.940504041,0.881188119,0.410891089,0.418404771,0.994268579,15.23316832,11.83385469,3.707920792,2.794059406,2.133663366
460,"Wall, John",-27.0221242,762.4985137,780,792,-0.034118844,0.962750649,0.984848485,0.430555556,0.419387205,0.994268579,16.59873737,12.47069535,4.323737374,3.616540404,3.184343434
236,"Jefferson, Richard",-26.71029888,445.6058101,445,436,-0.061262153,1.022031674,1.020642202,0.451834862,0.452102779,0.994268579,14.38623853,12.61209232,4.283944954,2.436926606,1.743119266
455,"Vucevic, Nikola",-26.21737894,1008.330008,1047,1024,-0.025602909,0.984697273,1.022460938,0.491210938,0.471667741,0.994268579,10.25683594,11.73370205,4.025976562,2.71328125,1.719726563
216,"Holiday, Jrue",-25.98192372,443.9500349,441,439,-0.059184336,1.011275706,1.004555809,0.428246014,0.425797105,0.994268579,16.57767654,12.39331937,4.498861048,2.937585421,2.362186788
95,"Cole, Norris",-25.69603259,425.7296541,421,441,-0.058267648,0.965373365,0.954648526,0.414965986,0.418964045,0.994268579,16.30612245,12.59947212,4.092290249,3.906575964,3.507936508
59,"Brand, Elton",-25.13229466,173.226141,161,178,-0.141192667,0.973180568,0.904494382,0.443820225,0.472352942,0.994268579,8.42247191,12.86679724,3.585955056,2.474719101,1.730337079
35,"Bass, Brandon",-24.42744412,676.4199724,694,691,-0.03535086,0.978900105,1.004341534,0.461649783,0.449697894,0.994268579,13.27843705,11.83903365,4.140376266,2.704341534,2.240231548
223,"Hummel, Robbie",-24.16062236,308.9710322,303,305,-0.079215155,1.013019778,0.993442623,0.455737705,0.458255061,0.994268579,13.02032787,12.51029065,3.979016393,2.500983607,1.698360656
335,"Muscala, Mike",-24.04703449,204.4638198,196,200,-0.120235172,1.022319099,0.98,0.46,0.476635511,0.994268579,10.9225,12.09697477,4.0245,2.3805,1.56
146,"Evans, Tyreke",-23.70886224,825.8774749,854,828,-0.028633892,0.997436564,1.031400966,0.45531401,0.436871552,0.994268579,14.90096618,12.83509923,4.25205314,2.548188406,1.972222222
39,"Bazemore, Kent",-23.68939475,470.6744748,479,463,-0.051164999,1.01657554,1.034557235,0.436285097,0.433307861,0.994268579,16.29524838,12.79753156,4.43174946,2.432181425,1.794816415
100,"Copeland, Chris",-23.466546,246.9811779,238,242,-0.096969198,1.02058338,0.983471074,0.438016529,0.450664357,0.994268579,14.51446281,12.901125,4.661983471,2.416115702,1.599173554
259,"Kidd-Gilchrist, Michael",-23.11237645,484.9190608,491,497,-0.046503776,0.975692275,0.987927565,0.436619718,0.433692621,0.994268579,14.38128773,12.2344842,3.960160966,2.5861167,1.730382294
446,"Turkoglu, Hedo",-22.80301498,240.5651888,233,233,-0.097867017,1.032468621,1,0.429184549,0.446780536,0.994268579,14.96437768,12.23923249,4.384549356,2.451072961,1.785407725
68,"Bullock, Reggie",-22.65423621,104.7778637,89,110,-0.205947602,0.952526034,0.809090909,0.354545455,0.415509878,0.994268579,15.05363636,11.67268141,4.02,2.275454545,1.618181818
442,"Thornton, Marcus",-22.38658881,174.3545821,163,170,-0.131685817,1.025615189,0.958823529,0.423529412,0.452616233,0.994268579,15.88647059,13.07613937,4.688235294,2.067058824,1.352941176
345,"Nowitzki, Dirk",-22.15112228,917.4093921,952,872,-0.025402663,1.052074991,1.091743119,0.495412844,0.481764039,0.994268579,12.2478211,12.84254969,4.840481651,2.360091743,1.508027523
357,"Parsons, Chandler",-21.69620637,581.7656931,596,576,-0.037667025,1.010009884,1.034722222,0.446180556,0.435093804,0.994268579,15.70399306,12.27691988,4.779861111,2.528125,1.826388889
232,"James, Bernard",-21.65339404,60.25464086,43,62,-0.349248291,0.971849046,0.693548387,0.322580645,0.440283935,0.994268579,11.92419355,12.03221738,4.222580645,2.869354839,2.161290323
148,"Ezeli, Festus",-21.63771491,237.1040372,230,247,-0.087602085,0.959935373,0.931174089,0.457489879,0.473300025,0.994268579,8.477732794,12.35057665,3.536437247,3.119433198,2.109311741
245,"Johnson, Nick",-21.59548416,88.95554964,73,88,-0.245403229,1.010858519,0.829545455,0.375,0.453379123,0.994268579,13.56818182,12.65504197,4.247727273,2.828409091,2.102272727
52,"Bogdanovic, Bojan",-21.52769566,602.3577037,618,592,-0.036364351,1.017496121,1.043918919,0.451013514,0.437673959,0.994268579,15.96266892,12.04925188,4.110472973,2.554391892,1.875
458,"Walker, Henry",-21.25904874,239.977308,234,230,-0.092430647,1.0433796,1.017391304,0.460869565,0.461074882,0.994268579,13.79565217,12.5418962,4.200434783,2.283043478,1.408695652
140,"Ellington, Wayne",-20.91749236,484.7220538,492,492,-0.042515228,0.985207426,1,0.418699187,0.412991727,0.994268579,17.76199187,12.20439115,4.505487805,2.679878049,1.888211382
23,"Asik, Omer",-20.72449801,908.3318163,934,917,-0.022600325,0.990547237,1.018538713,0.498364231,0.482566417,0.994268579,8.836095965,12.6320198,3.77306434,2.792693566,1.954198473
12,"Amundson, Lou",-20.55793796,408.4385605,413,408,-0.050387103,1.001074903,1.012254902,0.490196078,0.486657058,0.994268579,8.609068627,12.13195747,3.333823529,2.973529412,2.117647059
207,"Henderson, Gerald",-20.33274357,672.7447749,693,697,-0.029171799,0.965200538,0.994261119,0.428981349,0.416924133,0.994268579,17.38163558,12.18297142,4.520229555,2.489239598,1.734576758
31,"Barnes, Harrison",-19.78825651,722.749289,747,744,-0.026597119,0.971437216,1.004032258,0.450268817,0.432702325,0.994268579,14.30725806,12.56400331,4.131989247,2.70094086,1.837365591
407,"Sims, Henry",-19.3137682,526.2695251,537,512,-0.037722204,1.027870166,1.048828125,0.498046875,0.483009281,0.994268579,11.03398438,13.06502428,4.408398437,2.571484375,1.681640625
149,"Faried, Kenneth",-19.30214827,847.7328273,881,851,-0.022681725,0.996160784,1.035252644,0.482961222,0.463802276,0.994268579,12.36886016,12.1818108,4.274618096,2.58319624,1.673325499
389,"Rondo, Rajon",-18.86707376,538.9390625,546,539,-0.035003847,0.999886943,1.012987013,0.448979592,0.434526386,0.994268579,16.0109462,12.94870982,4.331168831,2.928014842,2.432282004
217,"Holiday, Justin",-18.84168812,207.757471,202,218,-0.086429762,0.953015922,0.926605505,0.403669725,0.415685038,0.994268579,15.42477064,12.36713819,4.20412844,3.259174312,2.52293578
366,"Plumlee, Miles",-18.76637971,562.0215373,578,554,-0.033874332,1.014479309,1.0433213,0.503610108,0.493287163,0.994268579,8.163176895,12.72840456,3.131227437,2.727978339,1.78700361
465,"Wear, Travis",-18.7584576,236.0920426,232,232,-0.080855421,1.017638115,1,0.435344828,0.443971586,0.994268579,14.64008621,12.25060849,4.310344828,2.559482759,1.88362069
330,"Morrow, Anthony",-18.75670162,535.8098946,552,512,-0.036634183,1.0465037,1.078125,0.462890625,0.445618948,0.994268579,16.07773438,12.35757777,4.711132813,2.42421875,1.72265625
434,"Thomas, Isaiah",-18.52938141,423.7071309,430,445,-0.041639059,0.952150856,0.966292135,0.420224719,0.410037909,0.994268579,16.86853933,12.23824374,4.012134831,4.048988764,3.743820225
280,"Lillard, Damian",-18.28848974,843.850914,868,874,-0.020925045,0.965504478,0.993135011,0.450800915,0.433704871,0.994268579,15.35697941,12.97198043,3.999427918,3.604805492,3.153318078
135,"Dudley, Jared",-18.15128781,530.1854616,551,527,-0.034442671,1.006044519,1.045540797,0.470588235,0.460121154,0.994268579,12.92106262,11.86807357,3.668311195,2.251043643,1.442125237
206,"Haywood, Brendan",-18.10285067,57.61082145,43,58,-0.312118115,0.993290025,0.74137931,0.362068966,0.480371962,0.994268579,11.12068966,12.11118515,4.405172414,2.679310345,1.413793103
478,"Williams, Mo",-17.96506898,669.1160276,690,673,-0.02669401,0.994228867,1.02526003,0.453194651,0.430962043,0.994268579,16.39346211,13.00033586,4.713521545,3.374591382,2.882615156
211,"Hickson, JJ",-17.75269089,625.8322044,641,629,-0.028223674,0.994963759,1.019077901,0.473767886,0.465190528,0.994268579,11.99777424,11.75199659,4.326550079,3.032432432,2.141494436
409,"Sloan, Donald",-17.62690555,353.7460001,360,357,-0.049375086,0.990885154,1.008403361,0.450980392,0.442138599,0.994268579,15.02212885,13.89712115,4.248739496,3.622689076,3.305322129
197,"Harkless, Maurice",-17.32204319,205.4487739,201,206,-0.084087588,0.997324145,0.975728155,0.446601942,0.435562515,0.994268579,14.69174757,11.90944765,3.935436893,2.289805825,1.558252427
311,"Meeks, Jodie",-17.17055815,421.4954866,433,421,-0.040785174,1.001176928,1.028503563,0.425178147,0.423846531,0.994268579,16.98123515,11.91313796,4.154869359,2.166983373,1.491686461
40,"Beal, Bradley",-17.09284998,616.6066545,632,639,-0.026749374,0.964955641,0.989045383,0.439749609,0.41674775,0.994268579,16.45649452,12.50963555,3.924882629,3.07370892,2.469483568
112,"Daniels, Troy",-17.05669531,135.595755,129,139,-0.122710038,0.975509029,0.928057554,0.410071942,0.428385846,0.994268579,15.20359712,12.23124959,4.031654676,2.853956835,2.237410072
426,"Stuckey, Rodney",-16.91832904,540.7367781,558,556,-0.030428649,0.972548162,1.003597122,0.429856115,0.418611308,0.994268579,16.39208633,13.09281628,3.955935252,2.732553957,2.125899281
365,"Plumlee, Mason",-16.74943287,700.6918788,728,668,-0.025074001,1.048939938,1.089820359,0.517964072,0.500913382,0.994268579,9.184431138,12.47069766,3.687724551,2.545359281,1.601796407
382,"Ridnour, Luke",-16.68153908,199.1878888,197,206,-0.080978345,0.966931499,0.95631068,0.40776699,0.416607089,0.994268579,16.24805825,12.00306349,4.626699029,3.647087379,3.223300971
186,"Green, JaMychal",-16.37302577,59.706031,46,56,-0.29237546,1.066179125,0.821428571,0.375,0.482691273,0.994268579,13.475,11.08205276,4.671428571,2.080357143,0.892857143
410,"Smart, Marcus",-16.09552886,555.9003765,570,558,-0.028845034,0.996237234,1.021505376,0.437275986,0.426738394,0.994268579,16.82311828,11.81662146,4.346774194,3.110215054,2.672043011
178,"Gordon, Eric",-16.08735919,476.0114746,491,479,-0.033585301,0.993760907,1.025052192,0.455114823,0.439834364,0.994268579,15.58810021,12.87730388,4.375574113,2.768267223,2.181628392
253,"Jordan, Jerome",-15.73973315,148.5264729,143,150,-0.104931554,0.990176486,0.953333333,0.466666667,0.475294258,0.994268579,8.722,12.36494114,3.536666667,2.981333333,2.253333333
481,"Withey, Jeff",-15.65622952,118.8602792,110,120,-0.130468579,0.990502326,0.916666667,0.45,0.479460945,0.994268579,8.589166667,11.95369744,3.375833333,2.510833333,1.866666667
393,"Rudez, Damjan",-15.38083558,299.9168267,307,302,-0.050929919,0.993102075,1.016556291,0.450331126,0.434011364,0.994268579,15.86788079,12.27408865,4.337086093,2.541059603,1.778145695
296,"Martin, Kevin",-15.14975984,342.3789568,347,336,-0.045088571,1.018984991,1.032738095,0.449404762,0.440081119,0.994268579,16.81696429,12.82184872,4.719940476,2.534821429,1.755952381
61,"Brooks, Aaron",-15.14138696,573.5703433,596,624,-0.024265043,0.919183242,0.955128205,0.426282051,0.404314177,0.994268579,16.22115385,12.83455474,4.061698718,4.076602564,3.878205128
150,"Farmar, Jordan",-15.09855949,193.9547875,191,196,-0.077033467,0.989565242,0.974489796,0.418367347,0.426784123,0.994268579,15.79795918,12.58285024,3.836734694,3.076530612,2.586734694
158,"Fredette, Jimmer",-14.91960662,167.5451714,163,168,-0.088807182,0.997292687,0.970238095,0.446428571,0.444140189,0.994268579,14.31607143,13.42223884,4.089285714,3.108333333,2.761904762
293,"Marshall, Kendall",-14.87960645,124.9262183,117,127,-0.117162255,0.98367101,0.921259843,0.401574803,0.406861333,0.994268579,18.39370079,11.40426119,4.444094488,3.033858268,2.590551181
107,"Cunningham, Dante",-14.41348017,539.6309547,556,535,-0.026941084,1.00865599,1.039252336,0.46728972,0.457844833,0.994268579,12.74878505,12.27377991,4.042990654,2.706728972,2.080373832
120,"DeRozan, DeMar",-14.19928955,542.1945797,562,530,-0.026791112,1.023008641,1.060377358,0.467924528,0.446368165,0.994268579,15.42396226,12.30325667,4.639245283,2.140377358,1.41509434
367,"Pondexter, Quincy",-14.09308177,560.3127885,578,573,-0.024595256,0.97785827,1.008726003,0.446771379,0.428914169,0.994268579,15.11431065,12.42514551,4.134554974,3.061431065,2.371727749
163,"Garcia, Francisco",-13.8441641,66.22846839,56,66,-0.209760062,1.003461642,0.848484848,0.393939394,0.452382067,0.994268579,13.29545455,11.29766994,3.327272727,1.975757576,1.303030303
190,"Gutierrez, Jorge",-13.82464887,61.67724069,54,62,-0.222978208,0.994794205,0.870967742,0.387096774,0.426586831,0.994268579,15.88548387,11.72493897,4.158064516,3.206451613,2.596774194
16,"Anderson, Ryan",-13.81640847,579.4046751,599,592,-0.023338528,0.978724113,1.011824324,0.484797297,0.459934181,0.994268579,11.01452703,12.25053369,3.55472973,3.324155405,2.528716216
247,"Johnson, Wesley",-13.49113444,704.1304554,727,676,-0.019957299,1.0416131,1.075443787,0.473372781,0.459390473,0.994268579,14.36804734,12.56497307,4.363609467,2.479733728,1.708579882
306,"McGary, Mitch",-13.28487143,247.1628373,249,233,-0.057016616,1.06078471,1.068669528,0.502145923,0.496579885,0.994268579,10.57982833,12.86605111,3.695708155,2.582403433,1.746781116
392,"Rubio, Ricky",-13.22540907,239.5277962,236,236,-0.056039869,1.014948289,1,0.436440678,0.446050526,0.994268579,15.27584746,13.34191708,4.663983051,3.336864407,2.851694915
453,"Villanueva, Charlie",-12.95588408,271.326194,275,263,-0.049261917,1.031658532,1.045627376,0.47148289,0.4686723,0.994268579,12.60076046,12.9551043,4.342585551,2.709125475,1.980988593
317,"Miller, Mike",-12.8127178,229.7853255,231,225,-0.056945412,1.021268113,1.026666667,0.435555556,0.432506224,0.994268579,17.268,12.72863864,4.730666667,2.276888889,1.453333333
113,"Datome, Gigi",-12.55019726,57.65804827,48,56,-0.224110665,1.029608005,0.857142857,0.375,0.449727182,0.994268579,14.69285714,11.14102638,4.117857143,2.182142857,1.589285714
13,"Andersen, Chris",-12.54424864,448.9526416,462,427,-0.029377631,1.051411339,1.081967213,0.524590164,0.507622646,0.994268579,8.408196721,12.49809102,3.507494145,2.78969555,1.829039813
404,"Sessions, Ramon",-12.44651641,348.3450968,355,357,-0.034864192,0.975756574,0.994397759,0.442577031,0.425606613,0.994268579,16.14341737,13.25820677,4.01232493,3.573389356,3.369747899
448,"Udoh, Ekpe",-12.29281651,31.03565269,22,34,-0.361553427,0.912813314,0.647058824,0.323529412,0.445148005,0.994268579,9.561764706,12.6749629,3.520588235,3.2,2.5
270,"Larkin, Shane",-11.99571054,576.9318799,600,600,-0.019992851,0.961553133,1,0.435,0.416017565,0.994268579,16.156,12.04475345,3.799833333,3.440333333,2.958333333
319,"Mills, Patty",-11.9486132,225.2572024,230,239,-0.049994197,0.942498755,0.962343096,0.410041841,0.412343077,0.994268579,16.1916318,12.33186587,4.042259414,3.59748954,3.460251046
295,"Martin, Kenyon",-11.64885534,32.50226096,23,33,-0.352995616,0.984916999,0.696969697,0.333333333,0.46387845,0.994268579,12.46363636,14.8681436,4.572727273,3.275757576,2.909090909
174,"Goodwin, Archie",-11.61893283,184.9974162,180,182,-0.06384029,1.01646932,0.989010989,0.43956044,0.450613851,0.994268579,14.32747253,13.50901742,4.096153846,2.751648352,2.181318681
7,"Aldrich, Cole",-11.51765145,459.90214,474,453,-0.025425279,1.015236512,1.046357616,0.509933775,0.497262447,0.994268579,8.815231788,12.48410039,3.871743929,2.637748344,1.682119205
238,"Jennings, Brandon",-11.47234867,298.8938148,304,309,-0.037127342,0.967293899,0.98381877,0.436893204,0.424179436,0.994268579,15.76569579,12.49268987,4.298381877,3.112621359,2.715210356
340,"Nicholson, Andrew",-11.36361174,174.8750652,178,179,-0.063483864,0.976955672,0.994413408,0.452513966,0.444855969,0.994268579,12.14636872,12.32591423,4.031843575,2.675977654,1.798882682
24,"Augustin, D.J.",-11.32578196,571.2457952,593,583,-0.019426727,0.979838414,1.017152659,0.442538593,0.421171532,0.994268579,16.33790738,12.79850524,4.13670669,3.331046312,2.837049743
144,"Evans, Jeremy",-11.23537128,110.4954087,106,111,-0.101219561,0.995454132,0.954954955,0.45045045,0.462593219,0.994268579,11.20540541,13.09995455,4.06036036,2.596396396,1.918918919
143,"Ennis, Tyler",-11.15369123,111.2848098,107,121,-0.092179266,0.919709172,0.884297521,0.388429752,0.408246792,0.994268579,16.62561983,11.60199314,3.857024793,3.175206612,2.760330579
323,"Mohammed, Nazr",-11.12051529,53.7472329,45,55,-0.202191187,0.977222416,0.818181818,0.4,0.474562891,0.994268579,9.663636364,11.62904504,4.26,2.074545455,1.290909091
431,"Telfair, Sebastian",-11.05624434,88.77670204,82,88,-0.12563914,1.00882616,0.931818182,0.409090909,0.430430128,0.994268579,17.01363636,12.46016994,4.778409091,3.018181818,2.25
423,"Stockton, David",-10.88801077,19.33702179,10,21,-0.518476704,0.920810561,0.476190476,0.238095238,0.412118433,0.994268579,15.21428571,13.14493777,4.238095238,3.252380952,2.714285714
215,"Hinrich, Kirk",-10.8787632,502.497112,528,537,-0.020258404,0.935748812,0.983240223,0.432029795,0.415095297,0.994268579,15.44450652,12.95635411,3.664990689,3.278212291,2.832402235
91,"Clark, Earl",-10.63718405,42.56415718,35,39,-0.272748309,1.091388646,0.897435897,0.358974359,0.47049307,0.994268579,13.26666667,12.65246708,4.325641026,2.361538462,1.538461538
452,"Vasquez, Greivis",-10.19228115,573.7874865,598,577,-0.017664265,0.994432386,1.036395147,0.45407279,0.437839656,0.994268579,15.43067591,12.78018142,4.503986135,3.057538995,2.578856153
443,"Tolliver, Anthony",-10.18978492,514.9185894,543,519,-0.019633497,0.99213601,1.046242775,0.483622351,0.459217245,0.994268579,12.22427746,12.25333784,3.946050096,2.373410405,1.489402697
318,"Miller, Quincy",-9.9376734,35.6699721,28,39,-0.254812138,0.914614669,0.717948718,0.333333333,0.41937903,0.994268579,13.29487179,12.22307692,4.364102564,2.461538462,1.846153846
171,"Ginobili, Manu",-9.744740041,314.7747214,325,311,-0.031333569,1.012137368,1.045016077,0.440514469,0.432799747,0.994268579,15.7022508,12.1159555,4.514790997,2.711897106,2.167202572
204,"Hayes, Charles",-9.081321318,82.30521481,79,83,-0.10941351,0.991629094,0.951807229,0.445783133,0.472701294,0.994268579,10.13253012,13.34155107,3.118072289,2.556626506,1.879518072
337,"Neal, Gary",-8.956524895,332.3998957,345,331,-0.027058988,1.004229292,1.042296073,0.450151057,0.430567399,0.994268579,16.38519637,13.25264663,4.100906344,2.591238671,2.051359517
99,"Cooley, Jack",-8.59661836,31.22291099,25,31,-0.27731027,1.007190677,0.806451613,0.387096774,0.476947392,0.994268579,9.629032258,12.22737867,3.758064516,2.548387097,1.806451613
482,"Wolters, Nate",-8.466681917,68.29404049,64,69,-0.122705535,0.989768703,0.927536232,0.376811594,0.422088483,0.994268579,17.0942029,11.68327849,4.38115942,3.655072464,3.144927536
80,"Canaan, Isaiah",-8.432312811,238.1188637,245,246,-0.034277694,0.967962861,0.995934959,0.43495935,0.423433524,0.994268579,16.01260163,13.00035523,4.16097561,3.735365854,3.43495935
83,"Carter, Vince",-8.355230448,317.1637155,327,311,-0.026865693,1.019819021,1.051446945,0.434083601,0.425554841,0.994268579,17.05916399,12.09495524,4.766237942,2.249839228,1.47266881
420,"Stauskas, Nik",-8.281006536,450.3616596,466,445,-0.018609003,1.012048673,1.047191011,0.449438202,0.429058987,0.994268579,16.41685393,13.13467091,4.393033708,2.521573034,1.786516854
161,"Gallinari, Danilo",-8.249290268,485.594533,506,487,-0.016938994,0.997114031,1.039014374,0.474332649,0.447406605,0.994268579,14.17002053,11.9611288,4.359753593,2.627720739,1.821355236
310,"McRoberts, Josh",-8.100874659,98.58267706,96,94,-0.086179518,1.048751884,1.021276596,0.468085106,0.480380206,0.994268579,13.02446809,11.91590377,4.130851064,2.184042553,1.436170213
462,"Warren, TJ",-7.819998029,171.3421035,172,167,-0.046826336,1.02600062,1.02994012,0.437125749,0.434368492,0.994268579,15.95329341,11.97452824,4.749101796,2.576646707,1.892215569
42,"Belinelli, Marco",-7.741582865,338.4080597,354,341,-0.022702589,0.992399002,1.038123167,0.463343109,0.436266562,0.994268579,15.53636364,12.45898364,4.440175953,2.611730205,1.938416422
18,"Anthony, Carmelo",-7.677011993,366.9183615,382,348,-0.022060379,1.054363108,1.097701149,0.459770115,0.448068022,0.994268579,16.38764368,12.70022936,4.734482759,2.191091954,1.370689655
176,"Gordon, Ben",-7.597156053,174.6767472,178,175,-0.04341232,0.998152841,1.017142857,0.428571429,0.415317518,0.994268579,17.03542857,11.05309961,4.614857143,2.516571429,1.845714286
48,"Blair, DeJuan",-7.455082984,51.36269133,48,51,-0.146178098,1.007111595,0.941176471,0.431372549,0.4688253,0.994268579,12.15882353,13.10583289,4.345098039,1.941176471,1.254901961
152,"Felton, Raymond",-7.14654641,89.03897075,86,90,-0.079406071,0.989321897,0.955555556,0.411111111,0.423294408,0.994268579,15.60888889,12.04652652,4.514444444,2.792222222,2.266666667
62,"Brown, Jabari",-7.13790798,132.4909768,132,138,-0.051723971,0.960079542,0.956521739,0.413043478,0.407506171,0.994268579,16.52971014,12.56328697,4.089130435,2.461594203,1.68115942
79,"Caldwell-Pope, Kentavious",-6.928728757,737.2046589,767,728,-0.009517485,1.012643762,1.053571429,0.461538462,0.441163323,0.994268579,15.93571429,13.03403821,4.028021978,2.509203297,1.793956044
139,"Early, Cleanthony",-6.797176253,189.8671314,194,180,-0.03776209,1.054817397,1.077777778,0.461111111,0.456910438,0.994268579,14.85444444,12.01047147,4.398888889,2.043888889,1.2
271,"Lauvergne, Joffrey",-6.653211723,112.0075661,112,107,-0.062179549,1.046799684,1.046728972,0.476635514,0.491196191,0.994268579,9.765420561,12.60232466,3.98411215,2.154205607,1.242990654
312,"Mekel, Gal",-6.648018494,12.51773248,6,12,-0.554001541,1.043144374,0.5,0.25,0.428990947,0.994268579,16.34166667,13.08739489,4.975,3.291666667,2.666666667
81,"Capela, Clint",-6.614216775,38.44229736,34,44,-0.150323109,0.873688576,0.772727273,0.363636364,0.407637331,0.994268579,10.36818182,12.05664618,3.363636364,2.615909091,1.545454545
369,"Powell, Dwight",-6.592027632,88.54750123,88,89,-0.074067726,0.994915744,0.988764045,0.449438202,0.464511725,0.994268579,11.47865169,12.05609474,3.992134831,3.211235955,2.269662921
51,"Blue, Vander",-6.580746269,9.629635956,4,10,-0.658074627,0.962963596,0.4,0.2,0.418671232,0.994268579,11.75,11.07974773,3.38,1.42,1
132,"Dragic, Zoran",-6.527803723,15.63208186,11,17,-0.383988454,0.919534227,0.647058824,0.235294118,0.345799425,0.994268579,20.94117647,13.4499258,4.182352941,1.917647059,0.941176471
281,"Lin, Jeremy",-6.442785682,677.172659,706,687,-0.009378145,0.985695282,1.027656477,0.449781659,0.437066186,0.994268579,13.95487627,12.83899051,3.820669578,3.347161572,2.893740902
355,"Parker, Jabari",-6.379283722,266.7345978,279,243,-0.026252196,1.097673242,1.148148148,0.518518519,0.490305905,0.994268579,13.7345679,12.6383995,4.658436214,2.050617284,1.271604938
454,"Vonleh, Noah",-6.35552853,96.18679185,98,97,-0.065520913,0.991616411,1.010309278,0.432989691,0.428802334,0.994268579,14.54948454,11.3113142,4.208247423,1.948453608,1
347,"O'Bryant, Johnny",-5.965949273,130.0761086,132,124,-0.048112494,1.049000876,1.064516129,0.491935484,0.480411891,0.994268579,13.39919355,12.06000944,4.453225806,1.134677419,1.112903226
169,"George, Paul",-5.777153886,28.56753956,25,30,-0.192571796,0.952251319,0.833333333,0.333333333,0.393231996,0.994268579,18.03333333,13.16324924,4.04,2.08,1.266666667
418,"Speights, Marreese",-5.742950903,519.8198125,547,536,-0.010714461,0.969813083,1.020522388,0.494402985,0.473624183,0.994268579,9.124813433,12.94267211,3.617910448,2.986007463,2.125
468,"Westbrook, Russell",-5.413892249,521.9118716,541,511,-0.010594701,1.021353956,1.058708415,0.450097847,0.437033212,0.994268579,16.68003914,12.6412669,4.8481409,2.761643836,2.070450098
416,"Smith, Russ",-5.077720801,14.7560211,11,16,-0.31735755,0.922251319,0.6875,0.3125,0.406284489,0.994268579,16.9875,10.68125,4.1625,1.0375,0.375
126,"Dinwiddie, Spencer",-5.024950563,109.1548282,112,112,-0.04486563,0.97459668,1,0.4375,0.418443042,0.994268579,16.75178571,12.77049067,4.557142857,3.666071429,3.232142857
27,"Bairstow, Cameron",-4.952118404,20.41412673,17,20,-0.24760592,1.020706337,0.85,0.4,0.478179539,0.994268579,11.77,11.6,3.415,2.28,1.4
422,"Stiemsma, Greg",-4.83354141,20.38614277,17,20,-0.241677071,1.019307139,0.85,0.4,0.470486467,0.994268579,11.08,13.37743693,4.285,2.26,1.55
118,"Dawkins, Andre",-4.804699356,8.826266331,5,7,-0.686385622,1.26089519,0.714285714,0.285714286,0.475445131,0.994268579,17.68571429,14.87142857,5.571428571,1.128571429,0.142857143
208,"Henry, Xavier",-4.691640499,25.8885822,24,26,-0.180447712,0.9957147,0.923076923,0.423076923,0.408100226,0.994268579,17.12307692,13.09802841,5.011538462,1.342307692,0.538461538
29,"Barea, Jose Juan",-4.37701899,364.1302974,379,375,-0.011672051,0.971014126,1.010666667,0.437333333,0.418817001,0.994268579,16.53573333,12.67565933,4.2888,3.299466667,2.808
354,"Pargo, Jannero",-4.239312639,22.44692909,20,24,-0.176638027,0.935288712,0.833333333,0.333333333,0.384411427,0.994268579,19.65416667,12.5625,5.4125,2.983333333,2.791666667
421,"Stephenson, Lance",-4.126571928,394.335977,411,397,-0.010394388,0.993289615,1.035264484,0.455919395,0.431782629,0.994268579,15.79471033,12.58674087,4.498236776,2.416372796,1.528967254
66,"Bryant, Kobe",-4.043912821,326.4587907,344,307,-0.013172354,1.063383683,1.120521173,0.469055375,0.444885736,0.994268579,16.88664495,13.05153417,5.483713355,2.05276873,1.218241042
3,"Adrien, Jeff",-4.031776168,86.27926582,87,84,-0.047997335,1.027134117,1.035714286,0.511904762,0.50093612,0.994268579,9.270238095,13.86425568,3.876190476,2.960714286,2.214285714
301,"McAdoo, James Michael",-4.023118893,64.55924827,65,64,-0.062861233,1.008738254,1.015625,0.46875,0.452353494,0.994268579,12.8921875,12.81013654,4.1640625,3.2640625,2.734375
92,"Clark, Ian",-3.916353591,52.52271806,50,51,-0.076791247,1.029857217,0.980392157,0.392156863,0.424957517,0.994268579,16.68039216,12.75767001,4.27254902,2.135294118,1.549019608
327,"Morris, Darius",-3.643447499,83.75159902,86,83,-0.043896958,1.00905541,1.036144578,0.43373494,0.416705118,0.994268579,17.8939759,11.25712254,4.479518072,2.54939759,1.879518072
192,"Hamilton, Jordan",-3.621295638,41.63171424,41,38,-0.095297254,1.095571427,1.078947368,0.473684211,0.469476548,0.994268579,15.93947368,13.02759839,5.160526316,1.986842105,1.157894737
325,"Moore, E'Twaun",-2.966382062,135.1733815,142,152,-0.019515671,0.889298563,0.934210526,0.427631579,0.405603953,0.994268579,14.12565789,12.57557491,3.280263158,3.649342105,3.217105263
157,"Frazier, Tim",-2.700929496,60.4641544,61,62,-0.043563379,0.975228297,0.983870968,0.435483871,0.417112037,0.994268579,17.31451613,12.44032258,4.206451613,2.637096774,2.14516129
316,"Miller, Darius",-2.612099859,12.86669134,11,12,-0.217674988,1.072224278,0.916666667,0.416666667,0.470703811,0.994268579,14.10833333,14.81239489,5.533333333,2.458333333,2.583333333
480,"Williams, Shawne",-2.51131307,399.4515498,427,392,-0.006406411,1.019009056,1.089285714,0.494897959,0.470670589,0.994268579,11.80739796,12.04627206,3.911479592,2.121938776,1.227040816
377,"Randolph, Shavlik",-2.488619386,51.51991055,53,52,-0.047858065,0.990767511,1.019230769,0.5,0.468134366,0.994268579,11.09423077,13.43269231,4.221153846,3.196153846,2.326923077
451,"Varejao, Anderson",-2.272918457,332.760121,347,322,-0.007058753,1.033416525,1.077639752,0.51863354,0.492066975,0.994268579,10.51801242,12.62142074,4.441925466,2.299068323,1.447204969
437,"Thomas, Tyrus",-2.268277213,2.097727747,0,2,-1.134138607,1.048863874,0,0,0.349621291,0.994268579,26.6,5.3,5.7,1.1,0
351,"Onuaku, Arinze",-2.012626667,19.78644467,19,21,-0.095839365,0.942211651,0.904761905,0.428571429,0.440862046,0.994268579,13.04285714,10.15238095,4.40952381,4.49047619,3.523809524
229,"Irving, Kyrie",-1.940460327,829.9910543,875,825,-0.002352073,1.006049763,1.060606061,0.466666667,0.442165733,0.994268579,15.06218182,13.24450723,4.211151515,3.080727273,2.736969697
485,"Wroten, Tony",-1.922976493,199.1445264,206,190,-0.010120929,1.048129086,1.084210526,0.468421053,0.444584737,0.994268579,16.10105263,13.01232195,4.352631579,2.463684211,1.905263158
222,"Hudson, Lester",-1.887234544,18.04188911,18,19,-0.099328134,0.949573111,0.947368421,0.421052632,0.414867584,0.994268579,15.77368421,13.28421053,4.094736842,3.584210526,2.947368421
486,"Young, James",-1.821181289,89.02999727,93,85,-0.021425662,1.047411733,1.094117647,0.470588235,0.441345649,0.994268579,15.84823529,12.88289666,4.367058824,2.155294118,1.376470588
180,"Granger, Danny",-1.791152476,183.4141213,195,181,-0.00989587,1.013337687,1.077348066,0.464088398,0.441960175,0.994268579,15.98950276,12.39111841,4.707734807,2.209392265,1.408839779
237,"Jenkins, John",-1.782980508,81.58161389,87,80,-0.022287256,1.019770174,1.0875,0.4625,0.435317308,0.994268579,17.01875,12.91429617,4.67,2.24,1.4875
177,"Gordon, Drew",-1.666587707,22.63144214,22,22,-0.075753987,1.028701915,1,0.454545455,0.470414434,0.994268579,13.30909091,13.05454545,4.863636364,3.672727273,2.909090909
71,"Butler, Caron",-1.580851523,502.6849115,531,492,-0.003213113,1.0217173,1.079268293,0.461382114,0.439296705,0.994268579,15.60020325,13.02853896,4.325609756,2.270528455,1.420731707
128,"Dos Santos, Atila",-1.415939102,15.5389419,15,18,-0.078663283,0.86327455,0.833333333,0.388888889,0.358410197,0.994268579,18.33333333,10.02208207,3.944444444,5.111111111,4.666666667
424,"Stokes, Jarnell",-1.35321186,46.08502562,48,47,-0.028791742,0.98053246,1.021276596,0.510638298,0.478014414,0.994268579,9.538297872,12.01271228,3.814893617,2.170212766,1.063829787
334,"Murry, Toure",-1.326847572,7.835998864,7,8,-0.165855947,0.979499858,0.875,0.375,0.443257466,0.994268579,11.15,11.2625,3.25,3.4875,3.5
74,"Buycks, Dwight",-1.320294911,32.9681014,34,30,-0.04400983,1.098936713,1.133333333,0.533333333,0.493287714,0.994268579,13.04666667,14.42,4.596666667,2.54,2.3
467,"West, David",-1.150462183,611.2274596,649,621,-0.001852596,0.98426322,1.045088567,0.47826087,0.453845136,0.994268579,13.0747182,13.10631805,4.051207729,2.464251208,1.634460548
395,"Sacre, Robert",-1.102390704,456.9778592,483,457,-0.002412233,0.999951552,1.056892779,0.503282276,0.476282805,0.994268579,10.14310722,12.4418144,3.807439825,2.876367615,2.105032823
28,"Barbosa, Leandro",-1.011433104,246.7652002,262,247,-0.004094871,0.999049394,1.060728745,0.477732794,0.44344126,0.994268579,15.01012146,12.84184666,4.221862348,2.973684211,2.368421053
15,"Anderson, Kyle",-0.860765746,115.444261,122,108,-0.007970053,1.068928343,1.12962963,0.481481481,0.455289473,0.994268579,15.85,12.85819318,4.684259259,2.067592593,1.5
119,"Daye, Austin",-0.81467685,120.0132751,129,126,-0.006465689,0.95248631,1.023809524,0.444444444,0.413333122,0.994268579,15.87063492,12.40431503,3.86984127,2.503968254,1.896825397
287,"Lucas III, John",-0.786847782,63.64542237,67,64,-0.012294497,0.994459724,1.046875,0.4375,0.412716375,0.994268579,17.990625,12.24519425,4.3875,3.109375,2.75
199,"Harris, Gary",-0.599349287,253.4391422,270,251,-0.002387846,1.009717698,1.075697211,0.470119522,0.438993891,0.994268579,14.68645418,12.47263378,4.161354582,2.447808765,1.772908367
309,"McNeal, Jerel",-0.423785617,2.436053786,2,3,-0.141261872,0.812017929,0.666666667,0.333333333,0.406008964,0.994268579,11.8,13.4,3.3,2.333333333,1.666666667
240,"Jerrett, Grant",-0.359412965,17.56093201,18,16,-0.02246331,1.09755825,1.125,0.5625,0.501129044,0.994268579,13.6125,12.1875,4.84375,2.40625,1.5625
261,"Kirilenko, Andrei",-0.28612257,9.575803397,10,9,-0.031791397,1.063978155,1.111111111,0.444444444,0.432842434,0.994268579,15.75555556,10.28888889,3.922222222,2.122222222,1.555555556
381,"Richardson, Jason",0.079910749,131.1588526,140,126,0.000634212,1.040943274,1.111111111,0.5,0.458427298,0.994268579,14.71349206,12.78091234,4.538888889,2.231746032,1.325396825
45,"Bhullar, Sim",0.129722453,1.637859552,2,2,0.064861226,0.818929776,1,0.5,0.409464888,0.994268579,17.6,6.8,5.7,2.6,0
288,"Lucas, Kalin",0.182313866,3.609269693,4,3,0.060771289,1.203089898,1.333333333,0.666666667,0.525758175,0.994268579,13.33333333,12.6,9.066666667,6.933333333,6.666666667
156,"Franklin, Jamaal",0.362228475,5.302177312,6,5,0.072445695,1.060435462,1.2,0.6,0.504707364,0.994268579,8.18,12.88,2.4,4.04,3.6
371,"Price, A.J.",0.371411711,87.99619095,96,91,0.004081447,0.966991109,1.054945055,0.461538462,0.42473288,0.994268579,16.47472527,13.24443619,4.310989011,4.025274725,3.901098901
248,"Jones, Dahntay",0.576701599,38.62364097,42,38,0.015176358,1.016411605,1.105263158,0.473684211,0.423674717,0.994268579,17.42105263,12.92213607,5.155263158,2.215789474,1.289473684
49,"Blake, Steve",0.703557141,521.8608331,556,557,0.001263119,0.936913524,0.998204668,0.454219031,0.425375319,0.994268579,15.23734291,13.10025943,3.67432675,3.370197487,2.929982047
464,"Wear, David",0.767139003,3.727442121,5,4,0.191784751,0.93186053,1.25,0.5,0.372809229,0.994268579,18.25,8.825,4.775,1.8,1.25
108,"Cunningham, Jared",0.849279418,19.7339204,21,24,0.035386642,0.822246683,0.875,0.375,0.36681163,0.994268579,19.47083333,12.00822822,3.816666667,4.208333333,3.5
326,"Moreland, Eric",1.050922045,0.783024419,2,1,1.050922045,0.783024419,2,1,0.39151221,0.994268579,5.5,7.5,1,2.2,0
412,"Smith, Ish",1.133970661,275.3445921,291,289,0.003923774,0.952749454,1.006920415,0.46366782,0.431130323,0.994268579,14.57370242,12.91292777,3.946366782,3.858131488,3.567474048
109,"Curry, Seth",1.190296321,0.755701858,2,1,1.190296321,0.755701858,2,1,0.377850929,0.994268579,18.1,4.9,3.2,0.7,0
376,"Randle, Julius",1.321416688,2.374259157,4,2,0.660708344,1.187129578,2,1,0.593564789,0.994268579,5.4,13.65,4.25,1.35,0.5
436,"Thomas, Malcolm",1.389030945,79.52283799,85,76,0.018276723,1.046353131,1.118421053,0.539473684,0.49550089,0.994268579,9.527631579,12.84858463,3.9,2.444736842,1.565789474
129,"Douglas, Toney",1.441861179,56.00045211,61,54,0.026701133,1.037045409,1.12962963,0.444444444,0.436779172,0.994268579,15.87407407,13.09615615,4.25,2.477777778,1.648148148
76,"Caboclo, Bruno",1.563768821,7.135390483,9,6,0.260628137,1.189231747,1.5,0.666666667,0.527520881,0.994268579,9.7,13.64145644,5.05,3.983333333,4.166666667
386,"Robinson, Glenn",1.610094902,104.6932926,114,104,0.015481682,1.006666275,1.096153846,0.490384615,0.453067905,0.994268579,13.87692308,12.9773432,4.628846154,2.627884615,1.865384615
47,"Black, Tarik",1.684878455,503.1877494,536,492,0.00342455,1.022739328,1.089430894,0.50203252,0.472087869,0.994268579,11.88191057,12.13035962,4.233130081,2.331707317,1.284552846
375,"Raduljica, Miroslav",1.903275138,8.84771995,11,8,0.237909392,1.105964994,1.375,0.625,0.497252803,0.994268579,11,10.1125,5.0125,1.675,0.25
411,"Smith, Greg",1.921298738,155.7375824,168,163,0.011787109,0.955445291,1.030674847,0.490797546,0.452846002,0.994268579,11.44110429,11.8953446,3.946625767,2.98404908,2.214723926
6,"Aldemir, Furkan",1.962336007,199.659547,216,204,0.009619294,0.97872327,1.058823529,0.495098039,0.466395679,0.994268579,9.906862745,12.25267753,3.565196078,2.990196078,2.465686275
94,"Claver, Victor",1.982861656,17.00472053,21,18,0.110158981,0.944706696,1.166666667,0.555555556,0.454710719,0.994268579,12.15555556,12.53048548,3.466666667,2.061111111,1.277777778
67,"Budinger, Chase",2.030064685,440.3499044,469,432,0.004699224,1.019328482,1.085648148,0.474537037,0.441755674,0.994268579,15.68796296,12.27657365,4.712037037,2.365509259,1.685185185
439,"Thompson, Jason",2.270542387,723.036138,762,745,0.003047708,0.970518306,1.022818792,0.481879195,0.459020714,0.994268579,11.28536913,12.40010375,4.306040268,2.623758389,1.598657718
133,"Drew, Larry",2.286691121,71.70714048,79,71,0.032206917,1.009959725,1.112676056,0.492957746,0.441046082,0.994268579,15.36619718,12.72806242,4.098591549,2.616901408,2.070422535
470,"Whittington, Shayne",2.818477468,41.80325339,48,40,0.070461937,1.045081335,1.2,0.55,0.478157101,0.994268579,12.63,11.775,4.685,2.09,1.25
89,"Cherry, Will",2.846257871,27.02732049,31,26,0.109471457,1.039512327,1.192307692,0.461538462,0.418744956,0.994268579,17.83076923,11.65374913,3.330769231,3.226923077,2.730769231
194,"Hansbrough, Tyler",2.936243523,362.3188439,388,359,0.008178951,1.00924469,1.080779944,0.515320334,0.478248119,0.994268579,10.01866295,12.62332806,3.630083565,2.641504178,1.855153203
153,"Fields, Landry",2.984815101,80.43489774,88,82,0.036400184,0.980913387,1.073170732,0.475609756,0.42046541,0.994268579,16.16585366,12.16826192,4.4,3.097560976,2.207317073
65,"Brown, Shannon",3.332778156,21.61573613,25,21,0.158703722,1.029320768,1.19047619,0.476190476,0.413990702,0.994268579,19.42857143,12.84273701,4.938095238,1.776190476,1.285714286
471,"Wiggins, Andrew",3.536973669,1055.739705,1113,1036,0.003414067,1.019053769,1.074324324,0.471042471,0.445868537,0.994268579,15.03899614,12.46956294,4.454150579,2.625772201,1.920849421
474,"Williams, Derrick",3.660203352,486.593303,524,489,0.007485078,0.995078329,1.071574642,0.474437628,0.434309696,0.994268579,15.58486708,12.5714921,4.40204499,2.398159509,1.646216769
266,"Kuzmic, Ognjen",3.770363572,35.92153903,41,38,0.099220094,0.945303659,1.078947368,0.5,0.432719116,0.994268579,12.21315789,12.64332147,4.855263158,3.447368421,2.789473684
262,"Kirk, Alex",3.954253812,3.795583576,8,3,1.318084604,1.265194525,2.666666667,1,0.52106767,0.994268579,17.23333333,9.066666667,5.333333333,1.666666667,1
185,"Green, Gerald",4.122670432,435.6019773,465,434,0.009499241,1.003691192,1.071428571,0.460829493,0.432157766,0.994268579,16.47211982,12.3137842,4.532949309,2.755069124,2.023041475
218,"Hollins, Ryan",4.157693473,210.2920567,225,224,0.018561132,0.938803824,1.004464286,0.482142857,0.446742666,0.994268579,10.42321429,12.94121018,4.145535714,2.597321429,1.700892857
130,"Douglas-Roberts, Chris",4.249018094,19.6622875,25,17,0.249942241,1.156605147,1.470588235,0.705882353,0.526086393,0.994268579,12.68235294,15.2880869,5.482352941,1.935294118,1.058823529
479,"Williams, Reggie",4.36734924,34.97117143,41,35,0.124781407,0.999176326,1.171428571,0.485714286,0.415961582,0.994268579,16.81714286,12.34996396,4.434285714,2.271428571,1.8
33,"Barron, Earl",4.433154277,50.6211131,57,47,0.094322431,1.07704496,1.212765957,0.553191489,0.484932941,0.994268579,12.26382979,11.35635614,4.836170213,2.653191489,1.829787234
484,"Wright, Dorell",4.468136267,210.8236055,226,215,0.020782029,0.980574909,1.051162791,0.469767442,0.446372307,0.994268579,13.70418605,13.02809847,3.882790698,3.079069767,2.451162791
260,"Kilpatrick, Sean",4.525459371,15.47022926,21,15,0.301697291,1.031348617,1.4,0.6,0.430739198,0.994268579,16.65333333,11.28666667,4.346666667,2.16,1.4
21,"Ariza, Trevor",4.739481957,757.0037768,803,725,0.006537216,1.04414314,1.107586207,0.486896552,0.45344492,0.994268579,15.68937931,12.43864964,4.984413793,2.515448276,1.656551724
472,"Wilcox, CJ",4.814585695,31.39054294,38,29,0.166020196,1.082432515,1.310344828,0.586206897,0.47781284,0.994268579,15.23448276,14.15163715,4.803448276,2.606896552,2.068965517
380,"Rice Jr., Glen",4.909769122,11.68744594,18,12,0.409147427,0.973953828,1.5,0.583333333,0.413066353,0.994268579,15.9,13.01239489,3.225,2.566666667,1.333333333
343,"Nogueira, Lucas",5.270307457,10.79729542,17,9,0.585589717,1.199699491,1.888888889,0.888888889,0.556937661,0.994268579,12.33333333,14.28888889,5.033333333,1.266666667,0.666666667
43,"Bennett, Anthony",5.414339048,338.359023,362,320,0.01691981,1.057371947,1.13125,0.521875,0.480647555,0.994268579,12.469375,12.45716385,4.4490625,2.60125,1.746875
394,"Rush, Brandon",5.60450878,100.018528,115,99,0.0566112,1.010288162,1.161616162,0.525252525,0.461190795,0.994268579,13.53232323,13.88523887,3.783838384,3.005050505,2.292929293
273,"Ledo, Ricky",5.752289695,71.33404311,81,74,0.077733645,0.963973556,1.094594595,0.486486486,0.427500417,0.994268579,16.53513514,12.10062454,4.059459459,2.798648649,2.243243243
428,"Taylor, Jeff",5.815328528,140.7550429,155,146,0.039831017,0.964075636,1.061643836,0.465753425,0.416803009,0.994268579,16.05753425,11.30987103,3.752054795,2.773972603,2.212328767
445,"Turiaf, Ronny",6.173118861,4.343346644,11,5,1.234623772,0.868669329,2.2,1,0.402465854,0.994268579,11.78,15.38,3.02,4.1,4.2
96,"Collison, Darren",6.450931081,513.0875368,539,542,0.011902087,0.946655972,0.994464945,0.437269373,0.410892106,0.994268579,16.17509225,12.91425933,4.194095941,3.75498155,3.418819188
101,"Cotton, Bryce",6.602497917,46.10756871,55,44,0.150056771,1.047899289,1.25,0.568181818,0.465995886,0.994268579,15.08863636,13.92144757,4.35,3.211363636,2.795454545
142,"Ennis, James",6.89343213,316.2917925,345,305,0.022601417,1.037022271,1.131147541,0.495081967,0.460068668,0.994268579,14.32262295,12.70732329,4.015081967,2.18852459,1.540983607
257,"Karasev, Sergey",6.983601113,166.546321,184,167,0.041817971,0.997283359,1.101796407,0.45508982,0.41980204,0.994268579,17.66467066,11.96043372,4.708383234,2.320359281,1.293413174
90,"Christopher, Patrick",6.995455837,8.992239398,17,9,0.777272871,0.999137711,1.888888889,0.777777778,0.409363511,0.994268579,16.3,11.15555556,4.8,2.322222222,1.333333333
399,"Schroder, Dennis",7.199556181,396.2825515,428,411,0.017517168,0.964191123,1.04136253,0.445255474,0.407609453,0.994268579,17.24939173,11.84421472,4.215328467,2.932846715,2.399026764
213,"Hill, Jordan",7.344151465,872.3312435,925,864,0.008500175,1.009642643,1.070601852,0.520833333,0.486131674,0.994268579,9.119097222,12.78141035,3.657060185,2.661226852,1.725694444
154,"Fournier, Evan",7.457536463,379.7826977,408,388,0.019220455,0.978821386,1.051546392,0.463917526,0.428687736,0.994268579,15.70309278,12.14143633,4.107216495,2.686082474,2.139175258
289,"Mack, Shelvin",7.528807545,250.785816,279,265,0.028410595,0.94636157,1.052830189,0.449056604,0.401635738,0.994268579,17.70377358,11.85986672,4.198867925,2.708679245,2.139622642
291,"Marble, Devyn",7.714152078,59.566195,71,60,0.128569201,0.992769917,1.183333333,0.5,0.439759726,0.994268579,14.44166667,13.42329129,3.933333333,2.555,1.816666667
1,"Adams, Jordan",7.799258274,102.3239929,116,103,0.075720954,0.993436825,1.126213592,0.485436893,0.436498244,0.994268579,15.26601942,10.0601207,3.932038835,3.340776699,2.796116505
93,"Clarkson, Jordan",7.929318952,483.6333293,522,491,0.016149326,0.984996597,1.063136456,0.476578411,0.438463252,0.994268579,14.56232179,12.51581052,4.295112016,3.342158859,2.786150713
461,"Wallace, Gerald",7.999831949,96.24631716,111,94,0.085104595,1.023896991,1.180851064,0.521276596,0.446668045,0.994268579,14.81808511,11.88881637,4.240425532,2.239361702,1.670212766
396,"Salmons, John",8.187786177,62.84618239,73,58,0.141168727,1.083554869,1.25862069,0.551724138,0.467303306,0.994268579,15.12758621,13.79642124,5.086206897,2.531034483,1.810344828
219,"Hood, Rodney",8.444947844,336.3213321,366,348,0.024267092,0.966440609,1.051724138,0.456896552,0.424839017,0.994268579,15.76637931,11.98887516,4.001724138,2.731896552,2.140804598
294,"Martin, Cartier",9.168045885,63.71122055,77,60,0.152800765,1.061853676,1.283333333,0.55,0.454738338,0.994268579,15.78,13.02162462,3.97,1.631666667,0.833333333
307,"McGee, JaVale",9.238033566,121.6346277,138,121,0.076347385,1.005244857,1.140495868,0.537190083,0.480319351,0.994268579,9.431404959,12.11398704,4.372727273,2.743801653,1.776859504
160,"Frye, Channing",9.418478137,901.0835032,966,884,0.010654387,1.01932523,1.092760181,0.510180995,0.472541999,0.994268579,11.95938914,12.54330582,4.420701357,2.42081448,1.544117647
202,"Haslem, Udonis",9.517728398,373.2991341,411,369,0.025793302,1.01165077,1.113821138,0.528455285,0.478829285,0.994268579,11.68536585,12.04493176,3.954742547,2.620325203,1.742547425
305,"McDermott, Doug",9.701151193,79.46073536,96,82,0.118306722,0.969033358,1.170731707,0.524390244,0.424406374,0.994268579,15.61463415,12.04021314,4.056097561,2.215853659,1.353658537
475,"Williams, Elliot",10.49427916,36.02457067,48,35,0.299836547,1.029273448,1.371428571,0.571428571,0.43439581,0.994268579,16.74857143,11.91421364,4.977142857,4.805714286,4.342857143
473,"Williams, Deron",10.68862476,606.7951445,655,611,0.017493658,0.993118076,1.072013093,0.461538462,0.426726895,0.994268579,16.50376432,11.71107562,4.329459902,2.892144026,2.340425532
466,"Webster, Martell",11.01370708,101.0318033,119,99,0.111249566,1.020523265,1.202020202,0.484848485,0.417522753,0.994268579,18.92727273,11.92111019,5.132323232,2.407070707,1.878787879
274,"Lee, Courtney",11.40115744,687.7670227,731,686,0.016619763,1.002575835,1.065597668,0.450437318,0.426870775,0.994268579,16.89110787,12.50724935,4.260787172,2.59154519,2.011661808
234,"Jefferson, Al",11.43687787,783.5684731,842,814,0.014050219,0.962614832,1.034398034,0.508599509,0.472883433,0.994268579,9.982555283,12.72235252,3.898771499,2.75958231,1.896805897
200,"Harris, Joe",11.55617264,170.6347831,192,164,0.070464467,1.040455994,1.170731707,0.518292683,0.451855179,0.994268579,15.08841463,12.53775873,4.134146341,2.683536585,1.908536585
191,"Hairston, PJ",11.59345428,234.5632419,259,230,0.050406323,1.019840182,1.126086957,0.460869565,0.428404749,0.994268579,16.72304348,12.76080376,4.373478261,1.862608696,1.213043478
370,"Pressey, Phil",12.30143925,188.5207262,212,202,0.060898214,0.933270922,1.04950495,0.46039604,0.408530636,0.994268579,16.72376238,12.03282713,4.12970297,3.672772277,3.579207921
344,"Novak, Steve",12.95394082,81.69374388,100,83,0.156071576,0.984261974,1.204819277,0.530120482,0.436668542,0.994268579,13.07831325,12.98789102,3.918072289,2.802409639,1.891566265
338,"Nelson, Jameer",12.97520636,432.9072493,476,456,0.0284544,0.949358003,1.043859649,0.447368421,0.407445891,0.994268579,17.17565789,11.79657045,4.403947368,2.966447368,2.504385965
272,"Lawson, Ty",13.60662195,654.6671785,701,668,0.020369195,0.980040686,1.049401198,0.47005988,0.432701094,0.994268579,15.91377246,12.75083023,4.176796407,3.135928144,2.672155689
432,"Temple, Garrett",13.89393727,220.2419201,251,230,0.060408423,0.957573566,1.091304348,0.456521739,0.404402999,0.994268579,18.0626087,12.00864081,4.492608696,2.877391304,2.186956522
98,"Conley, Mike",14.64133164,723.7605523,775,741,0.019758882,0.976734888,1.045883941,0.452091768,0.41654819,0.994268579,16.7582996,12.61003635,4.156275304,3.425506073,3.039136302
75,"Bynum, Will",14.8127079,22.99527487,39,23,0.644030778,0.999794559,1.695652174,0.652173913,0.390553587,0.994268579,20.05217391,12.8238582,5.269565217,4.034782609,3.739130435
250,"Jones, Perry",15.72134794,240.4454487,269,235,0.066899353,1.023172122,1.144680851,0.489361702,0.442058036,0.994268579,15.4387234,12.03294115,4.954042553,2.334893617,1.523404255
63,"Brown, Lorenzo",16.08659636,191.2852274,217,190,0.084666297,1.006764355,1.142105263,0.484210526,0.436634054,0.994268579,15.57947368,11.61574964,4.032631579,3.175263158,2.563157895
85,"Casspi, Omri",16.4189665,442.4593094,489,437,0.037572006,1.012492699,1.118993135,0.489702517,0.441999138,0.994268579,14.06315789,12.13118086,4.136842105,2.359267735,1.567505721
449,"Udrih, Beno",16.76832478,548.7431237,595,567,0.029573765,0.967800924,1.049382716,0.46031746,0.420754038,0.994268579,16.31622575,12.75802611,4.298589065,3.907583774,3.661375661
373,"Prigioni, Pablo",16.83616157,340.7057466,378,343,0.049085019,0.993311215,1.102040816,0.475218659,0.427975592,0.994268579,16.396793,12.05593255,4.154227405,3.226530612,2.664723032
70,"Burks, Alec",17.62426154,293.6895281,323,283,0.062276543,1.037772184,1.141342756,0.505300353,0.455794026,0.994268579,14.86325088,12.85367459,4.539575972,2.837102473,2.229681979
356,"Parker, Tony",17.70377841,476.1836239,517,507,0.034918695,0.939218193,1.019723866,0.449704142,0.414198622,0.994268579,15.93629191,13.0326007,3.622287968,3.677712032,3.536489152
147,"Exum, Dante",18.57059268,550.5573247,597,570,0.032579987,0.965890043,1.047368421,0.461403509,0.422762254,0.994268579,16.04719298,12.38521447,4.151578947,3.528421053,3.152631579
25,"Ayres, Jeff",19.56660628,157.6495553,190,164,0.119308575,0.961277776,1.158536585,0.56097561,0.464739103,0.994268579,9.814634146,11.99052571,3.404268293,2.766463415,2.164634146
184,"Green, Erick",20.05159382,109.9091502,134,115,0.174361685,0.955731741,1.165217391,0.504347826,0.413814594,0.994268579,16.74956522,12.30648883,4.651304348,2.803478261,2.460869565
145,"Evans, Reggie",22.0004655,282.2789906,319,285,0.077194616,0.990452599,1.119298246,0.536842105,0.476016472,0.994268579,10.55859649,12.57468373,3.818596491,2.44,1.649122807
256,"Kanter, Enes",22.22411719,871.9958222,937,891,0.024942892,0.978670956,1.051627385,0.498316498,0.461407305,0.994268579,11.45948373,12.37451168,3.887654321,2.740516274,1.815937149
114,"Davies, Brandon",22.43718022,186.1458039,218,183,0.122607542,1.017190185,1.191256831,0.535519126,0.455514299,0.994268579,12.61147541,11.79424162,3.877595628,2.946448087,2.240437158
391,"Ross, Terrence",22.52647193,729.5885289,787,739,0.030482371,0.987264586,1.064952639,0.466847091,0.43062247,0.994268579,15.64506089,12.47003669,4.258998647,2.812449256,2.125845737
406,"Shved, Alexey",22.99234429,223.9620119,259,224,0.102644394,0.99983041,1.15625,0.5,0.439503927,0.994268579,15.47544643,12.47516127,4.322321429,2.469196429,1.852678571
26,"Babbitt, Luke",23.97884338,315.0638677,358,323,0.074237905,0.975429931,1.108359133,0.495356037,0.437567781,0.994268579,13.64613003,12.34219367,3.909287926,2.895975232,2.235294118
349,"Oladipo, Victor",24.01691826,836.3050616,909,819,0.029324687,1.021129501,1.10989011,0.481074481,0.43866287,0.994268579,16.32014652,12.25330539,4.551526252,2.229304029,1.781440781
195,"Hardaway Jr., Tim",26.01733966,547.8721269,605,541,0.048091201,1.012702638,1.118299445,0.480591497,0.435214767,0.994268579,15.83086876,12.9459606,4.38207024,2.085582255,1.292051756
155,"Foye, Randy",26.12439396,303.1703733,344,308,0.084819461,0.984319394,1.116883117,0.487012987,0.431900691,0.994268579,15.91753247,12.58743038,4.240584416,2.494480519,1.821428571
30,"Bargnani, Andrea",26.2679929,303.06477,348,299,0.087852819,1.013594549,1.163879599,0.535117057,0.467251665,0.994268579,11.91538462,12.29831088,4.477257525,2.633110368,1.638795987
64,"Brown, Markel",26.51678056,240.2362071,279,244,0.10867533,0.984574619,1.143442623,0.487704918,0.423928139,0.994268579,16.67991803,12.44952813,4.097131148,2.380737705,1.848360656
249,"Jones, James",26.79958033,206.002374,248,202,0.13267119,1.019813733,1.227722772,0.53960396,0.452643887,0.994268579,13.48316832,12.50982606,4.119306931,2.544554455,1.821782178
383,"Rivers, Austin",26.8030833,453.4562436,503,469,0.057149431,0.966857662,1.07249467,0.475479744,0.424743447,0.994268579,15.39552239,12.89961293,4.109808102,3.31108742,2.829424307
72,"Butler, Jimmy",27.36491548,712.1947439,774,725,0.037744711,0.982337578,1.067586207,0.477241379,0.436763777,0.994268579,14.70331034,12.83863224,4.196551724,2.736,2.037241379
360,"Payne, Adreian",28.55146899,296.0423791,342,276,0.103447351,1.072617315,1.239130435,0.579710145,0.4957405,0.994268579,11.27572464,12.19509499,4.273550725,2.201086957,1.166666667
372,"Price, Ronnie",30.88488104,264.6650098,306,273,0.113131432,0.9694689,1.120879121,0.476190476,0.416865992,0.994268579,16.85128205,12.54210902,4.522344322,3.517216117,2.970695971
69,"Burke, Trey",33.17035882,664.8565593,727,700,0.047386227,0.949795085,1.038571429,0.458571429,0.41404856,0.994268579,16.36828571,12.62024247,4.002857143,3.471857143,3.03
302,"McCallum, Ray",33.18682429,466.8872432,527,484,0.068567819,0.964643065,1.088842975,0.487603306,0.426192571,0.994268579,15.25661157,13.36977216,3.924173554,3.979958678,3.628099174
267,"LaVine, Zach",35.31623599,572.9223991,636,564,0.06261744,1.015819857,1.127659574,0.49822695,0.444644981,0.994268579,15.66985816,13.02355025,4.578900709,3.313120567,2.918439716
361,"Payton, Elfrid",35.74451883,790.0369392,877,799,0.044736569,0.988782152,1.097622028,0.469336671,0.427621917,0.994268579,16.14130163,12.50708971,4.476846058,3.144680851,2.714643304
336,"Napier, Shabazz",38.55847614,323.663129,379,323,0.119376087,1.002053031,1.173374613,0.498452012,0.428772592,0.994268579,16.66532508,11.99576967,4.177708978,3.121052632,2.684210526
78,"Calderon, Jose",68.72584609,345.5435559,433,343,0.200366898,1.007415615,1.262390671,0.542274052,0.43899612,0.994268579,16.09708455,11.91819583,4.293002915,3.311661808,2.577259475
