,Shooter,value_added_x,value_added_y,Shot_taken,shot_worth_y,shot_worth_x
0,"Acy, Quincy",-11.319173287467235,-0.03461520883017503,327.0,1.013208481001428,331.3191732874669
1,"Adams, Jordan",-8.021567415813076,-0.0932740397187567,86.0,1.0235065978582916,88.02156741581307
2,"Adams, Steven",-14.633909185605354,-0.037331400983687126,392.0,1.1291681356775642,442.63390918560515
3,"Adrien, Jeff",-8.738562917370214,-0.20322239342721427,43.0,1.0404316957527955,44.73856291737021
4,"Afflalo, Arron",27.243460297915757,0.030958477611267906,880.0,0.9531324314796426,838.7565397020854
5,"Ajinca, Alexis",46.19548536064029,0.14170394282404997,326.0,0.9687255050287107,315.8045146393597
6,"Aldemir, Furkan",-4.949474239463203,-0.06427888622679485,77.0,1.1032399251878338,84.9494742394632
7,"Aldrich, Cole",2.783419210271583,0.009435319356852824,295.0,0.9532765450499269,281.2165807897284
8,"Aldridge, LaMarcus",90.7976077010629,0.06462463181570313,1405.0,0.8898237667608089,1250.2023922989365
9,"Allen, Lavoy",-4.140781473141686,-0.014841510656421815,279.0,0.961078069796206,268.1407814731415
10,"Allen, Tony",-72.03664205735798,-0.16151713465775333,446.0,1.1660014395904879,520.0366420573575
11,"Aminu, Al-Farouq",-80.56620868246202,-0.2269470667111606,355.0,1.145256925866091,406.5662086824623
12,"Amundson, Lou",-38.405970067185564,-0.15548975735702658,247.0,0.9814006885311155,242.40597006718554
13,"Andersen, Chris",-1.0682305153492526,-0.005506342862625013,194.0,1.196227992347161,232.06823051534923
14,"Anderson, Alan",23.910908014732165,0.055477744813763726,431.0,1.0094874524020137,435.0890919852679
15,"Anderson, Kyle",-17.949333579870483,-0.2016779053918032,89.0,0.9320149840434887,82.9493335798705
16,"Anderson, Ryan",-25.67904856740957,-0.03532193750675319,727.0,1.0036850736828196,729.6790485674098
17,"Antetokounmpo, Giannis",-41.11476120717787,-0.053815132470128105,764.0,1.0446528288052068,798.1147612071779
18,"Anthony, Carmelo",42.61883878129564,0.054153543559460796,787.0,0.9089976635561671,715.3811612187035
19,"Anthony, Joel",5.487132309935794,0.08995298868747204,61.0,1.0575879949190852,64.5128676900642
20,"Antic, Pero",-52.759375177637125,-0.1788453395852106,295.0,1.0873199158563958,320.75937517763674
21,"Ariza, Trevor",-91.82026533367755,-0.10247797470276512,896.0,1.1136386889884788,997.820265333677
22,"Arthur, Darrell",-42.99166206019315,-0.11283900803200302,381.0,0.9894794279795084,376.9916620601927
23,"Asik, Omer",-77.20847286923299,-0.18831334846154388,410.0,1.217581641144471,499.20847286923316
24,"Augustin, D.J.",-27.114145417144368,-0.04203743475526259,645.0,0.9707196052978978,626.1141454171441
25,"Ayres, Jeff",-1.3189720541246295,-0.014031617597070526,94.0,1.184244383554517,111.31897205412461
26,"Babbitt, Luke",38.34943468361913,0.20078238054250852,191.0,1.0557621220752922,201.6505653163808
27,"Bairstow, Cameron",-7.16976609017114,-0.5121261492979385,14.0,0.9406975778693673,13.16976609017114
28,"Barbosa, Leandro",16.493563688335946,0.04340411496930512,380.0,1.0039643060833265,381.50643631166406
29,"Barea, Jose Juan",-5.98423402268137,-0.011185484154544617,535.0,0.9532415589209,509.9842340226815
30,"Bargnani, Andrea",25.353538068495805,0.07042649463471057,360.0,0.8823512831430677,317.64646193150435
31,"Barnes, Harrison",11.545324149432448,0.017872018807170972,646.0,1.0811991886231687,698.4546758505669
32,"Barnes, Matt",-12.935662953620819,-0.02099945284678704,616.0,1.1281423099896422,694.9356629536196
33,"Barron, Earl",-11.622819806232327,-0.29802102067262376,39.0,0.9646876873392903,37.62281980623232
34,"Barton, Will",-29.763610089742293,-0.08503888597069227,350.0,1.0078960288278356,352.76361008974243
35,"Bass, Brandon",3.2452143054923566,0.004786451778012325,678.0,1.0173374420272983,689.7547856945082
36,"Batum, Nicolas",-52.88111337409885,-0.08842995547508169,598.0,1.058329621026921,632.8811133740988
37,"Bayless, Jerryd",-41.14194368660467,-0.08082896598547086,509.0,1.004208140838123,511.1419436866046
38,"Baynes, Aron",16.377476879690608,0.05070426278541984,323.0,1.0855186474312981,350.6225231203093
39,"Bazemore, Kent",-29.117794605122246,-0.08877376404000685,328.0,1.085724983552203,356.1177946051225
40,"Beal, Bradley",-8.842755097734107,-0.010440088663204377,847.0,0.986827337777726,835.842755097734
41,"Beasley, Michael",-7.697414036632814,-0.03754836115430641,205.0,0.9448654343250387,193.69741403663292
42,"Belinelli, Marco",16.032182666950447,0.0341110269509584,470.0,0.9956762070915944,467.96781733304937
43,"Bennett, Anthony",-41.15878931630072,-0.13999588202823374,294.0,1.000540099715308,294.15878931630056
44,"Beverley, Patrick",-45.97650177729532,-0.08642199582198368,532.0,1.069504702588901,568.9765017772954
45,"Bhullar, Sim",0.5044743102777388,0.2522371551388694,2.0,0.7477628448611306,1.4955256897222613
46,"Biyombo, Bismack",-10.436749329027823,-0.05641486123798823,185.0,1.1483067531298794,212.4367493290277
47,"Black, Tarik",8.802567115019377,0.0335975844084709,262.0,1.1267077591029788,295.19743288498046
48,"Blair, DeJuan",-3.529456752876547,-0.06192029391011486,57.0,0.9742009956645008,55.52945675287655
49,"Blake, Steve",2.279906257142035,0.0069721903888135634,327.0,0.9746791857579745,318.72009374285767
50,"Bledsoe, Eric",-29.348825853598182,-0.028549441491827025,1028.0,1.014930764449025,1043.3488258535979
51,"Blue, Vander",-7.3109355189459055,-0.24369785063153018,30.0,0.910364517298197,27.31093551894591
52,"Bogdanovic, Bojan",-2.496871030453997,-0.004450750499917998,561.0,1.0828821230489378,607.4968710304541
53,"Bogut, Andrew",-0.21577458086608714,-0.0006182652746879288,349.0,1.1180967753033415,390.2157745808662
54,"Bonner, Matt",6.208639936569865,0.027111964788514693,229.0,0.985988471892708,225.79136006343012
55,"Booker, Trevor",4.718301677680369,0.010212774194113353,462.0,1.0222547582734192,472.2816983223197
56,"Boozer, Carlos",41.273050324581924,0.056153809965417585,735.0,0.950648911123017,698.7269496754175
57,"Bosh, Chris",49.013811103894355,0.0658787783654494,744.0,0.9408416517420777,699.9861888961058
58,"Bradley, Avery",-8.044935613088647,-0.007965282785236285,1010.0,0.9881633025872174,998.0449356130896
59,"Brand, Elton",-3.681486309781563,-0.03958587429872649,93.0,0.9428116807503394,87.68148630978156
60,"Brewer, Corey",-126.90418317179657,-0.1608418037665356,789.0,1.0835287492671688,854.9041831717963
61,"Brooks, Aaron",36.82019234819144,0.04551321674683738,809.0,0.9433619377649071,763.1798076518098
62,"Brown, Jabari",-6.5168931414832265,-0.03833466553813663,170.0,0.9971581949499018,169.5168931414833
63,"Brown, Lorenzo",-10.903490580164942,-0.08937287360790935,122.0,0.9910122178702044,120.90349058016494
64,"Brown, Markel",-45.340103033740434,-0.21798126458529055,208.0,1.020865879969906,212.34010303374046
65,"Brown, Shannon",-4.216292662648472,-0.22191014013939328,19.0,1.1166469822446565,21.216292662648474
66,"Bryant, Kobe",-32.381755734430946,-0.0456081066682126,710.0,0.870960219344268,618.3817557344303
67,"Budinger, Chase",-18.644493150520525,-0.04817698488506596,387.0,1.045593005556901,404.6444931505207
68,"Bullock, Reggie",-12.083714688024482,-0.17262449554320689,70.0,1.0726244955432067,75.08371468802447
69,"Burke, Trey",-55.75001615431501,-0.05558326635524927,1003.0,0.9150050011508614,917.7500161543139
70,"Burks, Alec",-9.358207467451,-0.031194024891503337,300.0,0.9245273582248364,277.35820746745094
71,"Butler, Caron",25.357592883171513,0.06419643767891522,395.0,0.961120018017287,379.64240711682834
72,"Butler, Jimmy",12.537283606997196,0.013777234732963951,910.0,0.9895194685637388,900.4627163930023
73,"Butler, Rasual",17.862893041964416,0.03461800977124887,516.0,0.9828238506938684,507.13710695803604
74,"Buycks, Dwight",8.039397073304048,0.20098492683260122,40.0,0.8740150731673989,34.960602926695955
75,"Bynum, Will",-8.326632223857965,-0.2686010394792892,31.0,0.91376232980187,28.32663222385797
76,"Caboclo, Bruno",-1.8730317833750862,-0.15608598194792386,12.0,0.9894193152812574,11.873031783375088
77,"Calathes, Nick",-29.22706538854001,-0.12543804887785412,233.0,1.0138500660452359,236.22706538853996
78,"Calderon, Jose",17.78106539998503,0.0513903624277024,346.0,0.9370489439306793,324.218934600015
79,"Caldwell-Pope, Kentavious",-62.35283931954445,-0.0642150765391807,971.0,1.0250801640778011,995.3528393195448
80,"Canaan, Isaiah",3.9090392139133545,0.010651333007938297,367.0,1.0220462146759848,375.0909607860864
81,"Capela, Clint",-6.735012093720332,-0.23224179633518388,29.0,1.1977590377144947,34.73501209372034
82,"Carroll, DeMarre",25.478811961777424,0.03968662299342278,642.0,1.1160766168819667,716.5211880382226
83,"Carter, Vince",-61.57199294203733,-0.15354611706243723,401.0,0.9889575883841326,396.5719929420372
84,"Carter-Williams, Michael",-85.31263157956592,-0.09323784872083707,915.0,0.9282105263164662,849.3126315795665
85,"Casspi, Omri",24.503500255955913,0.058203088493957035,421.0,1.017806412693692,428.49649974404434
86,"Chalmers, Mario",-42.551356977588405,-0.06627937223923427,642.0,1.0008588114915702,642.5513569775881
87,"Chandler, Tyson",13.350362926312124,0.030832246942984122,433.0,1.3040407322717966,564.6496370736879
88,"Chandler, Wilson",-17.98446373681689,-0.018521589842241903,971.0,1.0205813220770517,990.9844637368171
89,"Cherry, Will",-9.470145019478025,-0.4984286852356855,19.0,1.1300076326041064,21.47014501947802
90,"Christopher, Patrick",-6.225266213306638,-0.5187721844422198,12.0,1.0187721844422197,12.225266213306638
91,"Clark, Earl",-5.097448985643945,-0.1699149661881315,30.0,1.0365816328547983,31.097448985643947
92,"Clark, Ian",-10.60695639605072,-0.20013125275567395,53.0,1.030319932000957,54.60695639605073
93,"Clarkson, Jordan",21.173812071785953,0.03576657444558438,592.0,0.9304496417706305,550.8261879282132
94,"Claver, Victor",1.9240892815363482,0.0962044640768174,20.0,1.1037955359231826,22.075910718463653
95,"Cole, Norris",-23.381272174552095,-0.04266655506305127,548.0,0.9733234893696207,533.3812721745521
96,"Collison, Darren",46.907361911757626,0.08528611256683205,550.0,0.969259341978622,533.0926380882421
97,"Collison, Nick",-36.87134792587347,-0.14689780050148793,251.0,1.05526433436603,264.8713479258735
98,"Conley, Mike",29.337388137971573,0.033528443586253225,875.0,0.9824715564137464,859.6626118620281
99,"Cooley, Jack",-3.221701228135311,-0.14644096491524142,22.0,0.9646227830970595,21.22170122813531
100,"Copeland, Chris",-33.802920409208006,-0.11305324551574585,299.0,1.0093743157498594,301.80292040920796
101,"Cotton, Bryce",2.523675331216291,0.0365750048002361,69.0,0.90545398070701,62.47632466878369
102,"Cousins, DeMarcus",-10.233148685894369,-0.009745855891327971,1050.0,0.9468887130341843,994.2331486858935
103,"Covington, Robert",-15.570099861145467,-0.021012280514366353,741.0,1.0331580295022196,765.5700998611446
104,"Crabbe, Allen",-13.700477620266186,-0.09013472118596175,152.0,1.116450510659646,169.7004776202662
105,"Crawford, Jamal",26.845616460538547,0.031997159070963704,839.0,0.9012567145881535,756.1543835394608
106,"Crowder, Jae",-58.76265868027751,-0.10841818944700647,542.0,1.0622927281923928,575.7626586802769
107,"Cunningham, Dante",-4.050266820035128,-0.011983037929098012,338.0,0.9321013811243639,315.050266820035
108,"Cunningham, Jared",-8.944866560398836,-0.27105656243632836,33.0,1.1195414109211765,36.94486656039883
109,"Curry, Seth",-2.378810966685117,-0.7929369888950389,3.0,0.7929369888950389,2.378810966685117
110,"Curry, Stephen",275.4244941687874,0.2088131115760329,1319.0,0.9837570173094862,1297.5755058312122
111,"Dalembert, Samuel",-17.829213024559643,-0.13714779249661263,130.0,1.0140708694196892,131.82921302455958
112,"Daniels, Troy",-1.6681281936787826,-0.010361044681234674,161.0,1.016572224805458,163.66812819367874
113,"Datome, Gigi",15.75747268302342,0.1770502548654317,89.0,0.9914890709772648,88.24252731697656
114,"Davies, Brandon",-21.39502803384428,-0.15616808783827943,137.0,1.017481956451418,139.39502803384426
115,"Davis, Anthony",105.07556922054472,0.0880767554237592,1193.0,0.9823339738302217,1171.9244307794545
116,"Davis, Ed",52.414256607044926,0.11394403610227158,460.0,1.1077950943325103,509.5857433929547
117,"Davis, Glen",-18.154888456288745,-0.0711956410050539,255.0,0.9888426998285833,252.15488845628875
118,"Dawkins, Andre",-3.0650871827800117,-0.5108478637966686,6.0,1.0108478637966687,6.065087182780012
119,"Daye, Austin",-17.224425926102725,-0.1230316137578766,140.0,1.008745899472162,141.2244259261027
120,"DeRozan, DeMar",-24.33681694529229,-0.025063663177437995,971.0,0.8777928083885612,852.336816945293
121,"Dedmon, Dewayne",-1.3729762334530686,-0.008745071550656488,157.0,1.1552418868372805,181.37297623345304
122,"Dellavedova, Matthew",-9.510049727003981,-0.031180490908209773,305.0,0.9820001630393576,299.51004972700406
123,"Deng, Luol",10.342405067696008,0.013662358081500672,757.0,1.0180417370307848,770.6575949323042
124,"Diaw, Boris",13.562066883277552,0.02149297445844303,631.0,0.9864309558109706,622.4379331167224
125,"Dieng, Gorgui",16.599506257217364,0.03313274702039394,501.0,0.99081934878799,496.400493742783
126,"Dinwiddie, Spencer",-41.72059738456483,-0.24686744014535403,169.0,0.9214236531631056,155.72059738456485
127,"Dorsey, Joey",-14.587592292297826,-0.10201113491117361,143.0,1.2069062398062784,172.5875922922978
128,"Douglas, Toney",-5.339627160821252,-0.10469857178080887,51.0,0.9478358266827694,48.339627160821244
129,"Douglas-Roberts, Chris",-11.26649495073664,-0.5364997595588876,21.0,1.0603092833684111,22.266494950736632
130,"Dragic, Goran",41.886152166882205,0.04354069871817277,962.0,1.0624884073109333,1022.1138478331178
131,"Dragic, Zoran",-9.02194116565981,-0.3007313721886603,30.0,1.1340647055219935,34.021941165659804
132,"Drew, Larry",-7.050827952743269,-0.12369873601303981,57.0,0.8956285605744432,51.05082795274326
133,"Drummond, Andre",-105.60054181876981,-0.11127559728005249,949.0,1.1460490430124004,1087.600541818768
134,"Dudley, Jared",19.43450012006514,0.047171116796274615,412.0,1.0766152909707167,443.56549987993526
135,"Duncan, Tim",49.739521334291204,0.06103008752673767,815.0,0.9671907713689676,788.2604786657085
136,"Dunleavy, Mike",28.748565779403283,0.05989284537375684,480.0,1.0296904879595759,494.25143422059637
137,"Durant, Kevin",81.3436299576663,0.174183361793718,467.0,0.9821335546945056,458.6563700423341
138,"Early, Cleanthony",-42.89051762700348,-0.20136393252114312,213.0,1.0182653409718463,216.89051762700328
139,"Ellington, Wayne",9.894893659341793,0.016115461985898687,614.0,0.9545685771020483,586.1051063406577
140,"Ellis, Monta",-7.424162523486505,-0.005487185900581304,1353.0,0.9552285014955568,1292.4241625234883
141,"Ennis, James",-41.26001988536598,-0.16840824443006522,245.0,1.11942865259333,274.2600198853658
142,"Ennis, Tyler",-23.930227697521932,-0.16618213678834676,144.0,0.9717376923439025,139.93022769752196
143,"Evans, Jeremy",2.82195546059376,0.048654404492995865,58.0,1.0892766299897625,63.17804453940623
144,"Evans, Reggie",-18.49191905354292,-0.13596999304075674,136.0,0.9889111695113447,134.4919190535429
145,"Evans, Tyreke",-38.026566324507584,-0.03280980700992889,1159.0,0.9913947940677372,1149.0265663245075
146,"Exum, Dante",-74.1829925720573,-0.17918597239627368,414.0,1.0680748612851625,442.18299257205723
147,"Ezeli, Festus",3.225711131067952,0.023545336723123738,137.0,1.0713451742257811,146.77428886893202
148,"Faried, Kenneth",-45.366157360652515,-0.06223066853313102,729.0,1.073204605432994,782.3661573606527
149,"Farmar, Jordan",-1.755068413009418,-0.011108027930439355,158.0,1.0047789140063885,158.75506841300938
150,"Favors, Derrick",48.61415988117576,0.05324661542297454,913.0,1.0037084776766962,916.3858401188237
151,"Felton, Raymond",-4.292609708333719,-0.0404963180031483,106.0,0.9461566953616387,100.2926097083337
152,"Fields, Landry",-1.7781786531671964,-0.046794175083347274,38.0,1.0204783856096629,38.77817865316719
153,"Fournier, Evan",0.9269445756540686,0.0016233705352960922,571.0,1.0334028991669806,590.0730554243459
154,"Foye, Randy",-11.928805307129206,-0.029673645042609966,402.0,0.9998228987739541,401.92880530712955
155,"Franklin, Jamaal",0.9907368882745118,0.4953684441372559,2.0,1.004631555862744,2.009263111725488
156,"Frazier, Tim",-7.257760485339961,-0.1395723170257685,52.0,0.9664953939488456,50.25776048533997
157,"Fredette, Jimmer",-23.095260274892983,-0.13912807394513846,166.0,0.9523810859933308,158.09526027489292
158,"Freeland, Joel",2.0294174940969363,0.013529449960646242,150.0,0.9731372167060205,145.97058250590308
159,"Frye, Channing",26.061438914845432,0.05373492559761945,485.0,1.001935177495165,485.9385610851551
160,"Gallinari, Danilo",-2.2766880483092056,-0.004015322836524172,567.0,0.9969606491151848,565.2766880483098
161,"Galloway, Langston",-16.062886225990244,-0.03206164915367314,501.0,0.9602053617285231,481.0628862259901
162,"Garcia, Francisco",-24.17152502501337,-0.3836750003970376,63.0,1.0820876988097359,68.17152502501337
163,"Garnett, Kevin",14.228688865410012,0.047587588178628806,299.0,0.8922117429250496,266.77131113458984
164,"Gasol, Marc",60.556374907005264,0.056647684665112503,1069.0,0.9339977783844667,998.4436250929949
165,"Gasol, Pau",79.15202718330204,0.06912840802035113,1145.0,0.9317449544250638,1066.847972816698
166,"Gay, Rudy",71.36487330308437,0.06417704433730609,1112.0,0.9187366247274414,1021.6351266969149
167,"Gee, Alonzo",-26.697121369975886,-0.1443087641620318,185.0,1.1443087641620326,211.69712136997603
168,"George, Paul",-4.081238646647489,-0.08329058462545896,49.0,1.0016579315642342,49.08123864664748
169,"Gibson, Taj",-9.266122632300805,-0.018385163952977786,504.0,1.0263216718894856,517.2661226323007
170,"Ginobili, Manu",-9.945027596947932,-0.01700004717426997,585.0,1.0238376540118763,598.9450275969476
171,"Gobert, Rudy",-5.224089717017759,-0.01232096631372113,424.0,1.2245851172571167,519.2240897170175
172,"Gooden, Drew",-17.265644027298737,-0.06347663245330418,272.0,0.9458295736297745,257.26564402729866
173,"Goodwin, Archie",-34.46218778053371,-0.1758274886761924,196.0,1.0431744274517023,204.46218778053367
174,"Gordon, Aaron",-27.773099912896566,-0.13482087336357557,206.0,1.0911315529752261,224.77309991289658
175,"Gordon, Ben",33.40042555104573,0.11438501901043058,292.0,0.8890396385238158,259.59957444895423
176,"Gordon, Drew",-5.322294347014479,-0.2801207551060252,19.0,1.1222260182639203,21.322294347014484
177,"Gordon, Eric",27.37953472687087,0.03968048511140706,690.0,0.9878557467726512,681.6204652731293
178,"Gortat, Marcin",54.99244953754089,0.07169810891465567,767.0,1.0625913304595305,815.0075504624598
179,"Granger, Danny",-8.144411909148861,-0.05187523509012013,157.0,1.0136586745805665,159.14441190914894
180,"Grant, Jerami",-70.67764551733082,-0.20427065178419312,346.0,1.0510914610327482,363.67764551733086
181,"Green, Danny",51.74852847426604,0.07059826531277767,733.0,1.0685558956694865,783.2514715257337
182,"Green, Draymond",-37.75963137462355,-0.05001275678758087,755.0,1.087098849502812,820.759631374623
183,"Green, Erick",-11.044094761020286,-0.06817342445074251,162.0,0.9076795972902485,147.04409476102026
184,"Green, Gerald",-1.1321907205934743,-0.0014916873789110332,759.0,1.0054442565488702,763.1321907205925
185,"Green, Jeff",-40.21355890266065,-0.041758628143988216,963.0,1.0012601857763865,964.2135589026603
186,"Green, Willie",-21.481337045571063,-0.07020044786134334,306.0,0.9786971798874871,299.481337045571
187,"Griffin, Blake",63.450580888798875,0.05570727031501218,1139.0,0.9574621765682185,1090.549419111201
188,"Gutierrez, Jorge",3.978764422505812,0.09704303469526371,41.0,0.9761276970120534,40.02123557749419
189,"Hairston, PJ",-49.92412711173319,-0.1869817494821468,267.0,1.0146971052873905,270.9241271117333
190,"Hamilton, Jordan",2.9651793290009385,0.08471940940002681,35.0,1.000994876314259,35.03482067099907
191,"Hamilton, Justin",-9.562810125717764,-0.05372365239167283,178.0,1.0649596074478531,189.56281012571785
192,"Hansbrough, Tyler",-5.585538281962972,-0.03469278436001846,161.0,1.084382225353807,174.5855382819629
193,"Hardaway Jr., Tim",-25.193416909241755,-0.03568472650034243,706.0,0.9832767944890111,694.1934169092418
194,"Harden, James",50.70593535110583,0.03516361674833969,1442.0,0.9898017091878575,1427.2940646488905
195,"Harkless, Maurice",-46.73104176033947,-0.2995579600021761,156.0,1.1713528317970479,182.73104176033945
196,"Harris, Devin",-2.8261650572750536,-0.005393444765792087,524.0,1.0225690172848763,535.8261650572751
197,"Harris, Gary",-72.43071662169851,-0.3337821042474586,217.0,1.0388512286714218,225.4307166216985
198,"Harris, Joe",-2.648791986599086,-0.022073266554992383,120.0,1.0804065998883254,129.64879198659906
199,"Harris, Tobias",34.170077626728556,0.036351146411413356,940.0,0.990244598269438,930.8299223732718
200,"Haslem, Udonis",-33.323660642921524,-0.1455181687463822,229.0,1.0363478630695264,237.32366064292157
201,"Hawes, Spencer",-43.66061712905861,-0.10571577997350752,413.0,1.0282339397798026,424.66061712905844
202,"Hayes, Charles",-4.285983245266785,-0.10204722012539966,42.0,1.054428172506352,44.285983245266785
203,"Hayward, Gordon",30.401383977414703,0.0281233894333161,1081.0,0.9691014024260722,1047.598616022584
204,"Haywood, Brendan",0.38515000763855844,0.013281034746157187,29.0,0.8832706893917739,25.614849992361442
205,"Henderson, Gerald",0.9638349015106149,0.0011379396712049763,847.0,0.9256625325838126,784.0361650984893
206,"Henry, Xavier",-6.0907539923703276,-0.46851953787464057,13.0,0.9300579994131021,12.090753992370328
207,"Henson, John",6.070961594660708,0.018068338079347344,336.0,1.1307411857301768,379.9290384053394
208,"Hibbert, Roy",6.59522661091432,0.009328467625055615,707.0,0.8845894955998381,625.4047733890856
209,"Hickson, JJ",-52.62566850080876,-0.11591556938504131,454.0,1.0762679922925305,488.62566850080884
210,"Hill, George",56.37108697749607,0.10556383329119114,534.0,0.9787058296301573,522.628913022504
211,"Hill, Jordan",2.8844364283881916,0.0037314830897648013,773.0,0.9212361753837145,712.1155635716113
212,"Hill, Solomon",-80.68350323586765,-0.1309797130452397,616.0,1.031953739019265,635.6835032358673
213,"Hinrich, Kirk",-25.44135692026535,-0.06730517703773901,378.0,0.9667760765086384,365.4413569202653
214,"Holiday, Jrue",32.76641449373313,0.06159100468746829,532.0,0.9290104990719303,494.23358550626693
215,"Holiday, Justin",-27.936958788726685,-0.11938871277233626,234.0,1.0467391401227633,244.93695878872663
216,"Hollins, Ryan",14.859648669986022,0.18121522768275636,82.0,1.1114676991465116,91.14035133001396
217,"Hood, Rodney",18.569759784017123,0.04965176412838803,374.0,0.9450006422887242,353.43024021598285
218,"Horford, Al",93.19502221773739,0.09738246835709236,957.0,0.9924816904725834,949.8049777822623
219,"Howard, Dwight",42.166225071743284,0.10411413597961305,405.0,1.0835401850080406,438.83377492825645
220,"Hudson, Lester",1.1491020403699097,0.08207871716927927,14.0,0.9893498542592923,13.850897959630093
221,"Hummel, Robbie",-6.265679373509232,-0.03774505646692308,166.0,1.0136486709247547,168.2656793735093
222,"Humphries, Kris",-20.7860794962595,-0.046710291002830334,445.0,0.9905305157219321,440.7860794962598
223,"Ibaka, Serge",46.14262910744003,0.05923315674896024,779.0,0.997249513340898,776.8573708925595
224,"Iguodala, Andre",-4.886726346480108,-0.010013783496885467,488.0,1.08993181628377,531.8867263464797
225,"Ilyasova, Ersan",0.08325234850314223,0.00015331924217889913,543.0,1.0900860914392199,591.9167476514964
226,"Ingles, Joe",9.771241447942145,0.02768057067405707,353.0,1.0148123471729686,358.2287585520579
227,"Irving, Kyrie",123.97081020033627,0.10203358864225208,1215.0,0.9613408969544563,1168.0291897996644
228,"Jack, Jarrett",47.25650424578486,0.05841347867216917,809.0,0.8748374483982875,707.7434957542146
229,"Jackson, Reggie",-3.839971233835569,-0.003870938743785856,992.0,0.9423790032599145,934.8399712338352
230,"James, Bernard",-8.158157855310941,-0.30215399464114595,27.0,1.1910428835300348,32.15815785531094
231,"James, LeBron",80.92050860323153,0.06417169595815347,1261.0,1.0024421026144077,1264.0794913967682
232,"Jefferson, Al",81.36401582764226,0.08079842683976392,1007.0,0.8804726754442471,886.6359841723569
233,"Jefferson, Cory",-13.490956106416462,-0.08703842649300943,155.0,1.016070684557526,157.49095610641652
234,"Jefferson, Richard",9.070080211693869,0.0280807436894547,323.0,1.067894488508688,344.9299197883063
235,"Jenkins, John",18.421318873954597,0.1860739280197434,99.0,1.0159462740004588,100.57868112604542
236,"Jennings, Brandon",-28.671489014969037,-0.053391972094914406,537.0,1.0012504450930522,537.671489014969
237,"Jerebko, Jonas",-11.490838670309653,-0.030560741144440566,376.0,1.0677947836976331,401.49083867031004
238,"Jerrett, Grant",-12.210063751627011,-0.4696178366010389,26.0,1.0465409135241157,27.210063751627008
239,"Johnson, Amir",67.04346545723863,0.13043475769890783,514.0,1.0504990944411703,539.9565345427616
240,"Johnson, Chris",-19.07925336700638,-0.12389125562991156,154.0,1.110904242642898,171.07925336700632
241,"Johnson, James",65.98098971652769,0.1649524742913192,400.0,1.0525475257086807,421.01901028347226
242,"Johnson, Joe",85.1952520653692,0.08443533405883964,1009.0,0.9155646659411598,923.8047479346302
243,"Johnson, Nick",-18.59891021749219,-0.24798546956656253,75.0,1.0079854695665624,75.59891021749218
244,"Johnson, Tyler",-6.189822289259934,-0.03820877956333293,162.0,0.9949989030201221,161.18982228925978
245,"Johnson, Wesley",-21.043379856003966,-0.03063082948472193,687.0,0.9869627072139796,678.043379856004
246,"Jones, Dahntay",-9.046565790512354,-0.4307888471672549,21.0,1.0022174185958266,21.046565790512357
247,"Jones, James",-7.04908138217467,-0.03507005662773468,201.0,1.0848213004088292,218.04908138217468
248,"Jones, Perry",-16.128016289676058,-0.08765226244389161,184.0,0.973521827661283,179.12801628967608
249,"Jones, Terrence",15.980148403176285,0.05380521347870803,297.0,1.0472048875313928,311.0198515968237
250,"Jordan, DeAndre",34.730874965635884,0.06653424322918752,522.0,1.3530059866558695,706.2691250343638
251,"Jordan, Jerome",-8.267025568366556,-0.09841697105198281,84.0,1.1936550662900784,100.26702556836659
252,"Joseph, Cory",43.281249373689285,0.10582212560804226,409.0,0.9406326421181189,384.7187506263106
253,"Kaman, Chris",45.38408658706878,0.08312103770525417,546.0,0.949845995261779,518.6159134129314
254,"Kanter, Enes",35.39968612785249,0.038519789040100644,919.0,1.0235041500240982,940.6003138721462
255,"Karasev, Sergey",-16.5297639371477,-0.12522548437233105,132.0,1.0646194237662707,140.52976393714775
256,"Kelly, Ryan",-48.83587312462681,-0.1585580296254117,308.0,0.9799866010539843,301.83587312462714
257,"Kidd-Gilchrist, Michael",-21.999239386406405,-0.046023513360682854,478.0,0.9790779066661225,467.99923938640654
258,"Kilpatrick, Sean",-5.234674761247501,-0.27550919796039475,19.0,1.1176144611182894,21.2346747612475
259,"Kirilenko, Andrei",-4.391742672686872,-1.097935668171718,4.0,1.097935668171718,4.391742672686872
260,"Kirk, Alex",-2.585674388361216,-0.646418597090304,4.0,1.146418597090304,4.585674388361216
261,"Knight, Brandon",-37.74823198777432,-0.043289256866713664,872.0,1.0272342109951538,895.748231987774
262,"Korver, Kyle",177.9537700688286,0.29758155529904445,598.0,1.0485722908548027,627.0462299311721
263,"Koufos, Kosta",-3.2571257709294033,-0.009200920256862722,354.0,1.03179979031336,365.2571257709294
264,"Kuzmic, Ognjen",4.183547919414198,0.3486289932845165,12.0,0.9847043400488169,11.816452080585803
265,"LaVine, Zach",-19.17631252001494,-0.028750093733155832,667.0,0.9657815779910272,644.1763125200151
266,"Lamb, Jeremy",2.850815843784413,0.011403263375137652,250.0,0.972596736624862,243.1491841562155
267,"Landry, Carl",34.6704896477521,0.0947281137916724,366.0,0.9435232523285453,345.32951035224755
268,"Larkin, Shane",-10.137822118118162,-0.0238536991014545,425.0,0.9862066402779257,419.13782211811844
269,"Lauvergne, Joffrey",-21.1489580126212,-0.24032906832524092,88.0,1.0585108865070592,93.14895801262121
270,"Lawson, Ty",8.547379805889006,0.0092704770128948,922.0,0.9430071802539164,869.4526201941109
271,"Ledo, Ricky",-16.62485182305879,-0.17317553982352907,96.0,0.9440088731568624,90.62485182305879
272,"Lee, Courtney",31.40919891510864,0.04907687330485725,640.0,0.9884231266951424,632.5908010848912
273,"Lee, David",11.190708246317643,0.036451818391914144,307.0,1.0058934584810502,308.80929175368243
274,"Len, Alex",-30.878353321491957,-0.09028758281138,342.0,1.104907465852315,377.8783533214918
275,"Leonard, Kawhi",42.33292350813324,0.05187858273055544,816.0,0.9861116133478771,804.6670764918678
276,"Leonard, Meyers",28.10275571972685,0.11470512538664021,245.0,1.0975397725725429,268.897244280273
277,"Leuer, Jon",-27.950481559591637,-0.1023827163355005,273.0,1.0144706284234124,276.9504815595916
278,"Lillard, Damian",3.59932961324417,0.0026563318178923763,1355.0,1.0128418231636573,1372.4006703867558
279,"Lin, Jeremy",9.050634014521176,0.013902663616776,651.0,0.9369421904538845,609.9493659854788
280,"Livingston, Shaun",30.90959595434445,0.0784507511531585,394.0,0.9266253909788216,365.0904040456557
281,"Lopez, Brook",102.32860116138326,0.10862908828172321,942.0,0.9348953278541586,880.6713988386174
282,"Lopez, Robin",2.6796782566610124,0.006174373863274222,434.0,1.07216663996161,465.3203217433388
283,"Love, Kevin",-14.384475950028662,-0.01535162854858982,937.0,1.0345618740128377,969.3844759500289
284,"Lowry, Kyle",17.387996339348135,0.016897955626188663,1029.0,0.9413139005448513,968.612003660652
285,"Lucas III, John",4.637757300124263,0.044593820193502526,104.0,0.8496369490372669,88.36224269987576
286,"Lucas, Kalin",-0.854663612471217,-0.854663612471217,1.0,0.854663612471217,0.854663612471217
287,"Mack, Shelvin",-15.326643162151054,-0.05266887684587991,291.0,0.9942496328596256,289.3266431621511
288,"Mahinmi, Ian",-1.8851914305800017,-0.009332630844455453,202.0,1.0984415417355442,221.88519143057994
289,"Marble, Devyn",-16.78207972888537,-0.39028092392756675,43.0,1.1344669704391943,48.78207972888536
290,"Marion, Shawn",-37.35343634135446,-0.14257036771509335,262.0,1.0891352532112768,285.3534363413545
291,"Marshall, Kendall",7.970462851761013,0.078915473779812,101.0,1.0101934371112775,102.02953714823903
292,"Martin, Cartier",-16.35943617039821,-0.31460454173842717,52.0,1.0069122340461196,52.359436170398226
293,"Martin, Kenyon",-5.3766740021960295,-0.2560320953426681,21.0,1.1131749524855252,23.37667400219603
294,"Martin, Kevin",24.974550550320888,0.0406751637627376,614.0,0.9316375398203246,572.0254494496793
295,"Matthews, Wesley",56.37224143192081,0.07506290470295714,751.0,1.0527666558829278,790.6277585680789
296,"Maxiell, Jason",-22.49079808616616,-0.11963190471364978,188.0,0.981334032373224,184.4907980861661
297,"Mayo, O.J.",-31.208021688724493,-0.04582675725216519,681.0,1.0223318967528985,696.2080216887239
298,"Mbah a Moute, Luc",-73.4323044679349,-0.11998742560120082,612.0,1.0121442883462992,619.4323044679351
299,"McAdoo, James Michael",43.792516797998594,0.9952844726817862,44.0,1.1865337091363954,52.2074832020014
300,"McCallum, Ray",-16.179898672299647,-0.03472081260150139,466.0,0.9810727439319735,457.17989867229966
301,"McCollum, CJ",10.187128396510806,0.027909940812358373,365.0,0.9940078674068191,362.812871603489
302,"McDaniels, KJ",-63.9054209499677,-0.15036569635286517,425.0,1.044483343411688,443.9054209499674
303,"McDermott, Doug",-13.276748633135528,-0.12766104454938007,104.0,1.0795841214724569,112.27674863313551
304,"McGary, Mitch",-8.576066433926632,-0.051976160205615955,165.0,1.1186428268722823,184.5760664339266
305,"McGee, JaVale",-7.207537969501209,-0.09123465784178746,79.0,1.154525797082294,91.20753796950122
306,"McLemore, Ben",-15.179651138841665,-0.018444290569673956,823.0,1.0585414959159682,871.1796511388419
307,"McNeal, Jerel",-2.401935299129426,-0.2401935299129426,10.0,0.9401935299129427,9.401935299129427
308,"McRoberts, Josh",4.559689371408408,0.0860318749322341,53.0,1.121515294879087,59.44031062859161
309,"Meeks, Jodie",-10.886480371276026,-0.020424916268810555,533.0,0.9922823271506125,528.8864803712764
310,"Mekel, Gal",-11.076564178726002,-0.5538282089363001,20.0,0.8538282089363001,17.076564178726002
311,"Middleton, Khris",59.211814145298156,0.06925358379567036,855.0,0.9962434922277208,851.7881858547013
312,"Miles, CJ",-17.8877088970567,-0.02168207139037176,825.0,1.002288131996432,826.8877088970564
313,"Miller, Andre",28.940059791740158,0.10048631872132,288.0,0.9238192368342355,266.05994020825983
314,"Miller, Darius",-3.68176242841274,-0.52596606120182,7.0,0.8116803469161057,5.68176242841274
315,"Miller, Mike",-18.455036726485258,-0.16777306114986598,110.0,1.0768639702407752,118.45503672648528
316,"Miller, Quincy",-7.216705904936142,-0.36083529524680713,20.0,0.9608352952468072,19.216705904936145
317,"Mills, Patty",-23.7830451291941,-0.07078287240831578,336.0,1.0172114438368873,341.78304512919414
318,"Millsap, Elijah",-48.75493494791645,-0.20835442285434383,234.0,1.0117732262731465,236.7549349479163
319,"Millsap, Paul",-4.286622612288204,-0.004654313368391101,921.0,1.0383133796007475,956.2866226122885
320,"Mirotic, Nikola",-53.16139563834365,-0.0865820775868789,614.0,1.0540087876845958,647.1613956383419
321,"Mohammed, Nazr",-3.9400548933708333,-0.13586396184037355,29.0,0.9634501687369252,27.94005489337083
322,"Monroe, Greg",6.37376987045044,0.0074897413283788955,851.0,0.9866348180135733,839.6262301295509
323,"Moore, E'Twaun",5.276576818586605,0.03879835896019562,136.0,0.9464957586868638,128.72342318141347
324,"Moreland, Eric",1.191128266775603,1.191128266775603,1.0,0.808871733224397,0.808871733224397
325,"Morris, Darius",-27.338419118515166,-0.2603658963668111,105.0,1.012746848747764,106.33841911851522
326,"Morris, Marcus",16.18839641585252,0.021498534416802814,753.0,0.9970937630599565,750.8116035841472
327,"Morris, Markieff",35.49392805257602,0.03271329774430969,1085.0,0.948853522532187,1029.506071947423
328,"Morrow, Anthony",94.33618970229493,0.1536420027724673,614.0,1.0043384532535904,616.6638102977045
329,"Motiejunas, Donatas",58.32241928674842,0.0847709582656227,688.0,1.0009848556878649,688.677580713251
330,"Mozgov, Timofey",-20.38297997714715,-0.03614003542047367,564.0,1.1531613120162176,650.3829799771468
331,"Muhammad, Shabazz",0.32349452517933175,0.0008316054631859429,389.0,1.0274460294982528,399.6765054748204
332,"Murry, Toure",0.28475822606811907,0.09491940868937303,3.0,1.2384139246439603,3.715241773931881
333,"Muscala, Mike",12.642921104905742,0.08600626601976695,147.0,1.0704563190142462,157.3570788950942
334,"Napier, Shabazz",-5.272473392727429,-0.023124883301436094,228.0,0.9748792692663488,222.27247339272753
335,"Neal, Gary",-13.969523321240159,-0.02782773569968159,502.0,0.8804173771339447,441.9695233212403
336,"Nelson, Jameer",10.569806759464317,0.0210974186815655,501.0,0.974910565350371,488.43019324053586
337,Nene,7.3773545611372455,0.012419788823463377,594.0,1.0161997397960643,603.6226454388622
338,"Nicholson, Andrew",-2.213376641610651,-0.011710987521749476,189.0,0.9429279187386806,178.21337664161064
339,"Noah, Joakim",-64.79200920721692,-0.15317259859862156,423.0,1.046789619875218,442.7920092072172
340,"Noel, Nerlens",-78.19234783758563,-0.12275093852054259,637.0,1.045827861597467,666.1923478375865
341,"Nogueira, Lucas",-5.333395490286624,-0.666674436285828,8.0,1.166674436285828,9.333395490286623
342,"Novak, Steve",3.7344952239119755,0.06668741471271385,56.0,1.0583125852872866,59.26550477608805
343,"Nowitzki, Dirk",127.44335101245692,0.12000315537896131,1062.0,0.8950627579920368,950.5566489875431
344,"Nurkic, Jusuf",-36.88096604396058,-0.09705517379989627,380.0,0.9970551737998958,378.8809660439604
345,"O'Bryant, Johnny",-25.39121306003414,-0.22079315704377514,115.0,0.9686192440002966,111.39121306003412
346,"O'Quinn, Kyle",11.438165688093305,0.047265147471459934,242.0,0.9857927037682096,238.56183431190672
347,"Oladipo, Victor",-49.412390721001124,-0.04566764391959439,1082.0,0.9939116365258793,1075.4123907210014
348,"Olynyk, Kelly",-6.105879052688221,-0.011810210933632923,517.0,1.0795084701212527,558.1058790526877
349,"Onuaku, Arinze",6.547224266056791,0.46765887614691365,14.0,1.2466268381388006,17.45277573394321
350,"Pachulia, Zaza",-63.95577383312237,-0.1268963766530206,504.0,1.0316582814149258,519.9557738331226
351,"Papanikolaou, Kostas",-52.59420572060722,-0.27827622074395353,189.0,1.108964051431784,209.5942057206072
352,"Pargo, Jannero",7.836734027929343,0.22390668651226694,35.0,0.8903790277734475,31.16326597207066
353,"Parker, Jabari",-16.947999298811887,-0.06493486321383865,261.0,1.061103445589318,276.947999298812
354,"Parker, Tony",82.65039777485912,0.09945896242461988,831.0,0.9185915790916264,763.3496022251416
355,"Parsons, Chandler",27.171070535908925,0.03301466650778727,823.0,1.052040011499504,865.8289294640919
356,"Patterson, Patrick",19.760500731745527,0.037639049012848626,525.0,1.0595038081300079,556.2394992682541
357,"Paul, Chris",201.42844633940786,0.17334633936265736,1162.0,0.910130424836998,1057.5715536605917
358,"Payne, Adreian",-22.443051160796113,-0.10201386891270961,220.0,0.9338320507308907,205.44305116079596
359,"Payton, Elfrid",-52.12090437616647,-0.07435221736970966,701.0,0.9459642002513068,663.1209043761661
360,"Pekovic, Nikola",-32.85913184733345,-0.10498125190841358,313.0,0.9676010602151227,302.8591318473334
361,"Perkins, Kendrick",-20.316967555147887,-0.08989808652720303,226.0,0.9925529537838398,224.31696755514778
362,"Pierce, Paul",50.615121145850885,0.07715719686867513,656.0,1.0036354860581538,658.3848788541488
363,"Plumlee, Mason",8.075897783967388,0.017906646971102856,451.0,1.1794325991486294,531.9241022160319
364,"Plumlee, Miles",-14.935134196423135,-0.06222972581842973,240.0,1.1372297258184296,272.9351341964231
365,"Pondexter, Quincy",30.908302795028398,0.0696132945833973,444.0,1.0632695882994856,472.0916972049716
366,"Porter, Otto",-9.315655364031615,-0.02382520553460771,391.0,1.0135950265064744,396.3156553640315
367,"Powell, Dwight",-6.952818213112505,-0.10377340616585828,67.0,1.0739226598972014,71.9528182131125
368,"Pressey, Phil",-33.233383748979165,-0.19210048409814545,173.0,1.024470426294677,177.23338374897915
369,"Price, A.J.",-4.931192769073583,-0.04251028249201365,116.0,0.8700964893885653,100.93119276907358
370,"Price, Ronnie",-31.749623419115192,-0.1430163217077261,222.0,0.9763496550410594,216.74962341911518
371,"Prigioni, Pablo",-3.7449807732736944,-0.016425354268744273,228.0,1.064670968303832,242.74498077327368
372,"Prince, Tayshaun",15.634475243032949,0.039086188107582374,400.0,0.9234138118924179,369.36552475696715
373,"Raduljica, Miroslav",-2.35909823617248,-0.29488727952156,8.0,1.04488727952156,8.35909823617248
374,"Randle, Julius",-0.8959183017407785,-0.2986394339135928,3.0,0.9653061005802596,2.8959183017407786
375,"Randolph, Shavlik",-17.469870537453556,-0.5138197216898105,34.0,0.9844079569839282,33.46987053745356
376,"Randolph, Zach",23.385144223017615,0.025118307436109148,931.0,0.9576958708667908,891.6148557769822
377,"Redick, JJ",161.54197085026817,0.17351446922692607,931.0,0.995121406175867,926.4580291497322
378,"Rice Jr., Glen",-8.561820306855427,-0.5707880204570285,15.0,1.0374546871236952,15.561820306855427
379,"Richardson, Jason",-20.002842986513343,-0.11430195992293339,175.0,0.9828733884943625,172.00284298651343
380,"Ridnour, Luke",8.427470168989709,0.04815697239422691,175.0,0.9232715990343442,161.57252983101023
381,"Rivers, Austin",-37.953777031374564,-0.07651971175680355,496.0,0.9736971311116427,482.9537770313748
382,"Roberson, Andre",-42.24407351075199,-0.21122036755375995,200.0,1.23622036755376,247.24407351075197
383,"Roberts, Brian",-6.006742503941707,-0.013348316675426016,450.0,0.9289038722309816,418.0067425039417
384,"Robinson, Glenn",-9.131128256585752,-0.13628549636695153,67.0,0.9870317650236677,66.13112825658574
385,"Robinson, Nate",-41.19415367973997,-0.16282274181715403,253.0,0.9651942833191296,244.1941536797398
386,"Robinson, Thomas",-22.03247486676521,-0.0853971894060667,258.0,1.0621413754525781,274.03247486676514
387,"Rondo, Rajon",-48.80477289202688,-0.07590166857235907,643.0,0.973257811651675,625.804772892027
388,"Rose, Derrick",-35.76289475265158,-0.042932646761886656,833.0,0.9420923106274338,784.7628947526524
389,"Ross, Terrence",0.4761481198966202,0.000642575060589231,741.0,1.0169012845885332,753.5238518801032
390,"Rubio, Ricky",-32.134506011314606,-0.1467329041612539,219.0,0.9184224018781485,201.13450601131453
391,"Rudez, Damjan",33.84859423056508,0.13485495709388476,251.0,1.0643482301571112,267.1514057694349
392,"Rush, Brandon",-27.19284087423979,-0.5229392475815344,52.0,1.0037084783507657,52.19284087423981
393,"Sacre, Robert",-10.563214628366536,-0.034633490584808316,305.0,0.8608629987815297,262.56321462836655
394,"Salmons, John",-8.914945120006967,-0.1857280233334785,48.0,1.019061356666812,48.91494512000698
395,"Sampson, JaKarr",-41.51336690579933,-0.12392049822626666,335.0,1.0582488564352224,354.5133669057995
396,"Sanders, Larry",-32.93462392759493,-0.19373308192702898,170.0,1.205497787809382,204.93462392759494
397,"Schroder, Dennis",-23.25601863577627,-0.03502412445147029,664.0,0.9687590642105076,643.2560186357771
398,"Scola, Luis",-14.016785631299056,-0.02271764283841014,617.0,0.964370803292218,595.0167856312985
399,"Scott, Mike",2.478181067288136,0.005470598382534517,453.0,1.0276419843989222,465.52181893271177
400,"Sefolosha, Thabo",-36.61650169281683,-0.148847567856979,246.0,1.0960020394016945,269.6165016928168
401,"Seraphin, Kevin",55.70548151523461,0.12406566039027753,449.0,0.9048875690083864,406.2945184847655
402,"Sessions, Ramon",-50.32230200755968,-0.15249182426533237,330.0,0.9615827333562404,317.32230200755936
403,"Shumpert, Iman",-27.732856630831733,-0.05900607793793986,470.0,1.0228358651719818,480.73285663083146
404,"Shved, Alexey",-13.651883772161796,-0.04136934476412665,330.0,0.9747026780974595,321.6518837721616
405,"Sims, Henry",-5.041224210467512,-0.010184291334277801,495.0,0.96371964486963,477.04122421046685
406,"Singler, Kyle",-28.602596681591976,-0.06456568099682161,443.0,1.0532789992812461,466.60259668159205
407,"Sloan, Donald",4.431890053930535,0.012958742847750102,342.0,0.931485701596695,318.5681099460697
408,"Smart, Marcus",-47.32192740431237,-0.09920739497759407,477.0,1.023735696864385,488.32192740431157
409,"Smith, Greg",-1.2614690229631669,-0.026280604645065975,48.0,1.2346139379783998,59.26146902296319
410,"Smith, Ish",-32.36532154799495,-0.08965463032685582,361.0,0.9206795610747779,332.3653215479948
411,"Smith, J.R.",51.19325552493265,0.06780563645686444,755.0,0.9825254893709503,741.8067444750675
412,"Smith, Jason",7.770060312556592,0.013259488587980532,586.0,0.8894708868386408,521.2299396874436
413,"Smith, Josh",-84.04423705927243,-0.08567200515726038,981.0,0.9939288858912049,975.044237059272
414,"Smith, Russ",-5.1489186873281305,-0.20595674749312523,25.0,0.9259567474931254,23.148918687328134
415,"Snell, Tony",5.876302471113398,0.01592493894610677,369.0,1.043695657259856,385.1236975288868
416,"Speights, Marreese",20.331073648490545,0.03191691310595062,637.0,0.9586639346177546,610.6689263515096
417,"Splitter, Tiago",11.208899303295244,0.037238868117259946,301.0,1.085684719922607,326.7911006967047
418,"Stauskas, Nik",-30.138684671465672,-0.10181988064684348,296.0,0.9937117725387352,294.1386846714656
419,"Stephenson, Lance",-84.97202261865527,-0.15505843543550232,548.0,0.9397299682822179,514.9720226186554
420,"Stiemsma, Greg",1.885543227860399,0.23569290348254987,8.0,1.26430709651745,10.1144567721396
421,"Stockton, David",-2.1712159257196437,-1.0856079628598219,2.0,1.0856079628598219,2.1712159257196437
422,"Stokes, Jarnell",0.9145659934816299,0.025404610930045275,36.0,1.0857065001810662,39.08543400651838
423,"Stoudemire, Amar'e",61.83875351689602,0.12724023357386013,486.0,0.9879861038747001,480.16124648310426
424,"Stuckey, Rodney",11.63375780715989,0.015700078012361524,741.0,0.9451636196934422,700.3662421928407
425,"Sullinger, Jared",-22.491141814596524,-0.03199308935219989,703.0,0.9878963610449463,694.4911418145972
426,"Taylor, Jeff",-19.747733391358736,-0.1732257315031468,114.0,1.059190643783848,120.74773339135868
427,"Teague, Jeff",2.8835518386052845,0.0032730440846825025,881.0,1.0012672510345002,882.1164481613946
428,"Teletovic, Mirza",-18.02604594870634,-0.05759120111407776,313.0,1.0352269838616817,324.0260459487064
429,"Telfair, Sebastian",-11.8677392886164,-0.09808048998856529,121.0,0.9575846222199705,115.86773928861643
430,"Temple, Garrett",-9.608508026023722,-0.05652063544719837,170.0,1.0506382825060214,178.60850802602366
431,"Terry, Jason",21.32951002553494,0.04825681001252249,442.0,1.0626029184942656,469.6704899744654
432,"Thomas, Isaiah",20.724677163839466,0.02674151892108318,775.0,0.9835810617240779,762.2753228361604
433,"Thomas, Lance",-39.44862695762819,-0.09961774484249544,396.0,0.9152743104990598,362.4486269576277
434,"Thomas, Malcolm",-8.962131094823011,-0.22979823320059004,39.0,1.152875156277513,44.96213109482301
435,"Thomas, Tyrus",1.167018704990773,1.167018704990773,1.0,0.832981295009227,0.832981295009227
436,"Thompson, Hollis",16.952515067318565,0.032046342282265716,529.0,1.022774073596751,541.0474849326813
437,"Thompson, Jason",-9.760785716675084,-0.0229126425274063,426.0,0.9618797786776407,409.76078571667495
438,"Thompson, Klay",184.16293539726274,0.14365283572329388,1282.0,0.9733518444639134,1247.837064602737
439,"Thompson, Tristan",-25.85505342124295,-0.05386469462758948,480.0,1.1496980279609226,551.8550534212428
440,"Thornton, Marcus",-5.814194301805747,-0.017100571475899256,340.0,0.987688806770017,335.8141943018058
441,"Tolliver, Anthony",-11.145911721294961,-0.02902581177420563,384.0,1.1201716451075392,430.145911721295
442,"Tucker, PJ",-31.949949190117106,-0.0545220975940565,586.0,1.0784128825769936,631.9499491901182
443,"Turkoglu, Hedo",29.829021865119643,0.15866500992084917,188.0,1.043462649653619,196.17097813488036
444,"Turner, Evan",-46.07735586063228,-0.06218266647858607,741.0,0.9596185639144833,711.0773558606321
445,"Udoh, Ekpe",0.48556848085584825,0.020232020035660343,24.0,0.8964346466310064,21.514431519144154
446,"Udrih, Beno",46.57713922968291,0.0929683417758142,501.0,0.9329797620166012,467.4228607703172
447,"Valanciunas, Jonas",75.32143422002503,0.1176897409687891,640.0,1.019810259031211,652.6785657799751
448,"Varejao, Anderson",14.426913612063965,0.0724970533269546,199.0,1.043080836120281,207.57308638793594
449,"Vasquez, Greivis",26.97224805818614,0.037723423857602995,715.0,0.9594793733451944,686.027751941814
450,"Villanueva, Charlie",-2.2821905842946935,-0.006304393879267109,362.0,1.064315443603024,385.28219058429465
451,"Vonleh, Noah",-9.333904039351095,-0.1244520538580146,75.0,0.9644520538580146,72.3339040393511
452,"Vucevic, Nikola",123.43229098013968,0.10372461426902495,1190.0,0.9450148815292946,1124.5677090198606
453,"Wade, Dwyane",71.25168648262661,0.06897549514291056,1033.0,0.90101482431498,930.7483135173744
454,"Waiters, Dion",-125.33680069170298,-0.1340500542157251,935.0,1.002499252076687,937.3368006917024
455,"Walker, Henry",-9.036694919201597,-0.060244632794677316,150.0,1.0602446327946775,159.03669491920164
456,"Walker, Kemba",-58.55362591025041,-0.059993469170338536,976.0,0.918600026547388,896.5536259102507
457,"Wall, John",-21.626236554957455,-0.01877277478728946,1152.0,0.96408527478729,1110.626236554958
458,"Wallace, Gerald",-7.109877782861183,-0.2091140524370936,34.0,1.062055228907682,36.10987778286118
459,"Warren, TJ",8.125741590276817,0.03797075509475148,214.0,1.0414684972416968,222.8742584097231
460,"Watson, CJ",24.931231903991087,0.0599308459230555,416.0,0.9785306925384829,407.0687680960089
461,"Wear, David",-2.243250449797407,-1.1216252248987035,2.0,1.1216252248987035,2.243250449797407
462,"Wear, Travis",-11.4508166811086,-0.05696923721944577,201.0,0.8927901327418335,179.45081668110853
463,"Webster, Martell",-31.8810775404171,-0.3542341948935233,90.0,0.9986786393379681,89.88107754041712
464,"West, David",50.96040280522972,0.07428630146534944,686.0,0.8732355644238639,599.0395971947706
465,"Westbrook, Russell",-90.46879870489066,-0.06204993052461637,1458.0,0.9763160484944368,1423.4687987048887
466,"Whiteside, Hassan",62.94073743503294,0.16919553073933588,372.0,1.0888689853896956,405.0592625649668
467,"Whittington, Shayne",-5.2783926537808,-0.1353434013789949,39.0,0.9814972475328408,38.27839265378079
468,"Wiggins, Andrew",-51.055601337134064,-0.045626095922371816,1119.0,0.9535796258598155,1067.0556013371336
469,"Wilcox, CJ",1.9043789294826434,0.05011523498638535,38.0,0.9762005544872989,37.09562107051736
470,"Williams, Deron",-44.14754961899861,-0.05748378856640444,768.0,0.9468067052330712,727.1475496189987
471,"Williams, Derrick",-45.85325398413816,-0.0955276124669545,480.0,1.0934442791336212,524.8532539841382
472,"Williams, Elliot",0.08684275078744585,0.0024122986329846072,36.0,0.9975877013670151,35.913157249212546
473,"Williams, Lou",15.85560087170428,0.01744290524939965,909.0,0.9506539044315686,864.1443991282958
474,"Williams, Marvin",-1.177686723939246,-0.0023888168842581053,493.0,1.042956768202718,514.17768672394
475,"Williams, Mo",35.74982605981042,0.04191069878055149,853.0,0.8936109893788867,762.2501739401904
476,"Williams, Reggie",-8.738614929497267,-0.22996355077624386,38.0,1.098384603407823,41.738614929497274
477,"Williams, Shawne",-17.650438758759975,-0.06024040531999991,293.0,1.087544159586212,318.6504387587601
478,"Withey, Jeff",-7.223265064485462,-0.11286351663258534,64.0,1.112863516632585,71.22326506448545
479,"Wolters, Nate",-12.628373235578454,-0.22155040764172726,57.0,0.9233047936066398,52.628373235578465
480,"Wright, Brandan",45.78800849485397,0.12683658862840436,361.0,1.1529418047233961,416.211991505146
481,"Wright, Dorell",-16.028873301129774,-0.08436249105857777,190.0,1.0580467015848938,201.02887330112983
482,"Wroten, Tony",-49.60494192412999,-0.11536033005611625,430.0,1.0153603300561154,436.6049419241296
483,"Young, James",-15.343669642454035,-0.15343669642454036,100.0,1.0434366964245405,104.34366964245406
484,"Young, Nick",1.9569336723600106,0.004146045916016972,472.0,0.9089895473043225,429.0430663276402
485,"Young, Thaddeus",-5.173945427419719,-0.005457748341160041,948.0,0.9833058496069829,932.1739454274198
486,"Zeller, Cody",-47.91277774757686,-0.12914495349751176,371.0,1.0536732553843036,390.9127777475766
487,"Zeller, Tyler",31.529556194148867,0.051434838815903536,613.0,1.0513384075136245,644.4704438058518
